0,1,2252,25-11-2018,3:40:00 AM,EIN,25-11-2018,5:30:00 AM,LEY,Atlantic Airways,746,FALSE,FALSE
1,2,3028,28-11-2018,4:00:00 AM,AMS,28-11-2018,5:00:00 AM,RTM,Atlantic Airways,497,FALSE,FALSE
2,3,6200,30-11-2018,7:40:00 PM,ENS,30-11-2018,8:30:00 PM,RTM,Atlantic Airways,505,TRUE,TRUE
3,4,5098,23-11-2018,11:20:00 AM,MST,23-11-2018,12:20:00 PM,AMS,Atlantic Airways,957,FALSE,TRUE
4,5,7572,27-11-2018,7:50:00 AM,GRQ,27-11-2018,8:10:00 AM,MST,Atlantic Airways,377,FALSE,FALSE
5,6,7856,24-11-2018,4:30:00 PM,MST,24-11-2018,6:00:00 PM,MST,Atlantic Airways,916,TRUE,FALSE
6,7,3839,24-11-2018,2:00:00 PM,MST,24-11-2018,5:10:00 PM,ENS,Atlantic Airways,211,FALSE,TRUE
7,8,5876,29-11-2018,10:20:00 AM,RTM,29-11-2018,11:30:00 AM,ENS,Atlantic Airways,690,TRUE,TRUE
8,9,6754,30-11-2018,2:30:00 AM,AMS,30-11-2018,4:10:00 AM,EIN,Atlantic Airways,529,FALSE,TRUE
9,10,4728,24-11-2018,9:50:00 AM,RTM,24-11-2018,10:00:00 AM,RTM,Atlantic Airways,643,FALSE,TRUE
10,11,2830,27-11-2018,1:20:00 PM,LEY,27-11-2018,2:00:00 PM,ENS,Atlantic Airways,488,FALSE,TRUE
11,12,1002,24-11-2018,5:30:00 PM,AMS,24-11-2018,6:30:00 PM,LEY,Atlantic Airways,527,FALSE,TRUE
12,13,6645,27-11-2018,3:30:00 PM,GRQ,27-11-2018,6:40:00 PM,ENS,Atlantic Airways,127,TRUE,TRUE
13,14,7987,30-11-2018,3:30:00 PM,AMS,30-11-2018,5:40:00 PM,LEY,Atlantic Airways,477,FALSE,FALSE
14,15,6187,29-11-2018,4:10:00 PM,RTM,29-11-2018,5:50:00 PM,MST,Atlantic Airways,540,TRUE,TRUE
15,16,4908,24-11-2018,4:20:00 AM,RTM,24-11-2018,5:30:00 AM,MST,Atlantic Airways,215,FALSE,TRUE
16,17,5587,23-11-2018,2:20:00 AM,EIN,23-11-2018,5:20:00 AM,LEY,Atlantic Airways,578,TRUE,FALSE
17,18,2746,23-11-2018,8:20:00 AM,LEY,23-11-2018,9:50:00 AM,RTM,Atlantic Airways,690,TRUE,TRUE
18,19,2564,27-11-2018,8:40:00 AM,RTM,27-11-2018,11:20:00 AM,MST,Atlantic Airways,279,TRUE,FALSE
19,20,5984,27-11-2018,3:40:00 PM,MST,27-11-2018,6:50:00 PM,LEY,Atlantic Airways,40,TRUE,FALSE
20,21,5436,28-11-2018,4:20:00 AM,RTM,28-11-2018,6:00:00 AM,MST,Atlantic Airways,730,TRUE,FALSE
21,22,3235,23-11-2018,3:20:00 PM,GRQ,23-11-2018,6:20:00 PM,EIN,Atlantic Airways,926,TRUE,FALSE
22,23,4013,30-11-2018,1:20:00 AM,LEY,30-11-2018,3:40:00 AM,RTM,Atlantic Airways,250,TRUE,FALSE
23,24,4106,27-11-2018,12:50:00 PM,LEY,27-11-2018,2:50:00 PM,LEY,Atlantic Airways,162,FALSE,TRUE
24,25,2037,27-11-2018,4:00:00 AM,GRQ,27-11-2018,5:40:00 AM,LEY,Atlantic Airways,89,TRUE,FALSE
25,26,5187,30-11-2018,3:50:00 PM,LEY,30-11-2018,6:30:00 PM,GRQ,Atlantic Airways,755,FALSE,TRUE
26,27,6910,25-11-2018,2:50:00 PM,ENS,25-11-2018,3:20:00 PM,LEY,Atlantic Airways,291,FALSE,TRUE
27,28,2460,23-11-2018,6:00:00 PM,ENS,23-11-2018,9:00:00 PM,MST,Atlantic Airways,166,TRUE,TRUE
28,29,6730,27-11-2018,3:20:00 AM,ENS,27-11-2018,6:30:00 AM,RTM,Atlantic Airways,867,TRUE,FALSE
29,30,9203,29-11-2018,7:50:00 PM,LEY,29-11-2018,10:50:00 PM,RTM,Atlantic Airways,956,TRUE,FALSE
30,31,5832,25-11-2018,7:10:00 PM,EIN,25-11-2018,8:40:00 PM,ENS,Atlantic Airways,166,TRUE,FALSE
31,32,4404,24-11-2018,7:00:00 PM,RTM,24-11-2018,9:10:00 PM,ENS,Aeroflot,607,FALSE,TRUE
32,33,1358,24-11-2018,7:20:00 AM,MST,24-11-2018,10:30:00 AM,AMS,Aeroflot,297,FALSE,FALSE
33,34,7700,29-11-2018,12:20:00 PM,EIN,29-11-2018,1:50:00 PM,ENS,Aeroflot,870,TRUE,FALSE
34,35,4974,26-11-2018,4:50:00 PM,ENS,26-11-2018,7:20:00 PM,LEY,Aeroflot,432,FALSE,TRUE
35,36,2543,23-11-2018,2:00:00 AM,LEY,23-11-2018,3:50:00 AM,AMS,Aeroflot,181,TRUE,FALSE
36,37,7693,26-11-2018,1:10:00 PM,LEY,26-11-2018,3:00:00 PM,EIN,Aeroflot,970,FALSE,FALSE
37,38,3952,23-11-2018,7:40:00 AM,MST,23-11-2018,8:40:00 AM,LEY,Aeroflot,285,TRUE,TRUE
38,39,7833,28-11-2018,1:00:00 AM,EIN,28-11-2018,3:40:00 AM,AMS,Aeroflot,935,TRUE,FALSE
39,40,4393,24-11-2018,2:00:00 AM,MST,24-11-2018,4:50:00 AM,AMS,Aeroflot,597,FALSE,TRUE
40,41,3997,23-11-2018,12:30:00 PM,AMS,23-11-2018,2:10:00 PM,EIN,Aeroflot,383,TRUE,FALSE
41,42,1593,23-11-2018,5:30:00 AM,ENS,23-11-2018,8:50:00 AM,AMS,Aeroflot,578,FALSE,FALSE
42,43,5687,28-11-2018,2:30:00 PM,RTM,28-11-2018,5:40:00 PM,EIN,Aeroflot,238,TRUE,FALSE
43,44,5758,30-11-2018,6:20:00 PM,MST,30-11-2018,9:40:00 PM,RTM,Aeroflot,772,FALSE,TRUE
44,45,2948,26-11-2018,5:40:00 PM,LEY,26-11-2018,6:20:00 PM,ENS,Aeroflot,994,FALSE,FALSE
45,46,3224,26-11-2018,8:30:00 AM,AMS,26-11-2018,9:40:00 AM,ENS,Aeroflot,171,TRUE,TRUE
46,47,4360,30-11-2018,3:40:00 AM,RTM,30-11-2018,5:20:00 AM,AMS,Aeroflot,893,TRUE,TRUE
47,48,2454,25-11-2018,9:30:00 AM,GRQ,25-11-2018,12:30:00 PM,GRQ,Aeroflot,751,FALSE,FALSE
48,49,6510,25-11-2018,11:40:00 AM,MST,25-11-2018,2:30:00 PM,EIN,Aeroflot,377,FALSE,FALSE
49,50,5799,30-11-2018,6:10:00 AM,LEY,30-11-2018,8:30:00 AM,AMS,Aeroflot,354,TRUE,FALSE
50,51,7362,24-11-2018,1:40:00 AM,RTM,24-11-2018,3:40:00 AM,MST,Aeroflot,171,TRUE,TRUE
51,52,7438,28-11-2018,3:40:00 AM,GRQ,28-11-2018,6:10:00 AM,MST,Aeroflot,828,TRUE,FALSE
52,53,9285,28-11-2018,3:00:00 AM,MST,28-11-2018,4:40:00 AM,ENS,Aeroflot,568,FALSE,FALSE
53,54,1671,28-11-2018,4:50:00 PM,RTM,28-11-2018,7:20:00 PM,RTM,Aeroflot,339,TRUE,TRUE
54,55,1384,29-11-2018,3:30:00 PM,LEY,29-11-2018,6:30:00 PM,AMS,Aeroflot,824,TRUE,FALSE
55,56,3065,28-11-2018,7:00:00 AM,MST,28-11-2018,10:10:00 AM,AMS,Aeroflot,678,TRUE,FALSE
56,57,5038,24-11-2018,1:20:00 PM,MST,24-11-2018,4:20:00 PM,GRQ,Aeroflot,899,TRUE,FALSE
57,58,2880,23-11-2018,11:40:00 AM,RTM,23-11-2018,2:10:00 PM,ENS,Aeroflot,436,FALSE,FALSE
58,59,4980,27-11-2018,2:30:00 PM,EIN,27-11-2018,5:10:00 PM,GRQ,Aeroflot,966,TRUE,FALSE
59,60,7693,25-11-2018,4:30:00 PM,ENS,25-11-2018,6:00:00 PM,RTM,Aeroflot,572,FALSE,FALSE
60,61,2330,23-11-2018,8:20:00 AM,EIN,23-11-2018,9:20:00 AM,EIN,Aeroflot,246,TRUE,FALSE
61,62,3482,26-11-2018,2:30:00 PM,ENS,26-11-2018,5:10:00 PM,EIN,Aeroflot,881,FALSE,TRUE
62,63,5134,26-11-2018,5:50:00 PM,MST,26-11-2018,7:20:00 PM,EIN,Aeroflot,423,TRUE,FALSE
63,64,9348,30-11-2018,9:20:00 AM,LEY,30-11-2018,11:00:00 AM,LEY,Aeroflot,887,FALSE,FALSE
64,65,5116,28-11-2018,5:10:00 PM,GRQ,28-11-2018,8:50:00 PM,ENS,Aeroflot,536,FALSE,TRUE
65,66,5721,28-11-2018,8:40:00 AM,RTM,28-11-2018,9:00:00 AM,RTM,Aeroflot,246,TRUE,FALSE
66,67,2774,23-11-2018,3:30:00 AM,RTM,23-11-2018,6:10:00 AM,RTM,Aeroflot,694,FALSE,FALSE
67,68,5720,26-11-2018,10:20:00 AM,ENS,26-11-2018,1:20:00 PM,ENS,Aeroflot,430,TRUE,FALSE
68,69,9449,27-11-2018,1:50:00 PM,ENS,27-11-2018,4:30:00 PM,MST,Aeroflot,106,TRUE,TRUE
69,70,8102,27-11-2018,2:30:00 PM,AMS,27-11-2018,3:30:00 PM,EIN,Aeroflot,694,FALSE,TRUE
70,71,6580,29-11-2018,3:30:00 PM,GRQ,29-11-2018,6:40:00 PM,EIN,Aeroflot,644,TRUE,TRUE
71,72,8805,27-11-2018,6:00:00 PM,RTM,27-11-2018,7:00:00 PM,LEY,Aeroflot,568,TRUE,FALSE
72,73,1353,25-11-2018,8:10:00 AM,LEY,25-11-2018,11:00:00 AM,LEY,Aeroflot,567,FALSE,FALSE
73,74,2869,25-11-2018,5:10:00 PM,EIN,25-11-2018,7:30:00 PM,RTM,Aeroflot,820,TRUE,FALSE
74,75,8544,30-11-2018,10:20:00 AM,ENS,30-11-2018,12:40:00 PM,LEY,Aeroflot,319,FALSE,FALSE
75,76,9981,27-11-2018,11:20:00 AM,RTM,27-11-2018,1:10:00 PM,EIN,Aeroflot,70,TRUE,TRUE
76,77,3411,27-11-2018,2:30:00 AM,AMS,27-11-2018,3:10:00 AM,RTM,Aeroflot,311,TRUE,TRUE
77,78,6840,24-11-2018,6:50:00 AM,RTM,24-11-2018,8:20:00 AM,LEY,Aeroflot,322,FALSE,TRUE
78,79,8635,24-11-2018,8:00:00 AM,RTM,24-11-2018,10:50:00 AM,RTM,Aeroflot,95,TRUE,TRUE
79,80,6250,24-11-2018,5:00:00 PM,GRQ,24-11-2018,7:40:00 PM,AMS,Aeroflot,639,FALSE,FALSE
80,81,1771,24-11-2018,10:00:00 AM,EIN,24-11-2018,12:30:00 PM,LEY,Aeroflot,614,TRUE,FALSE
81,82,7247,24-11-2018,7:40:00 AM,MST,24-11-2018,9:10:00 AM,AMS,Aeroflot,486,TRUE,TRUE
82,83,3989,24-11-2018,4:00:00 PM,EIN,24-11-2018,7:30:00 PM,EIN,Aeroflot,434,FALSE,TRUE
83,84,6420,26-11-2018,5:30:00 AM,LEY,26-11-2018,7:20:00 AM,ENS,Aeroflot,568,TRUE,FALSE
84,85,3919,23-11-2018,8:10:00 AM,ENS,23-11-2018,9:50:00 AM,ENS,Aeroflot,866,FALSE,TRUE
85,86,2259,25-11-2018,3:40:00 AM,GRQ,25-11-2018,6:50:00 AM,RTM,Aeroflot,167,FALSE,FALSE
86,87,4867,28-11-2018,7:30:00 PM,RTM,28-11-2018,9:50:00 PM,AMS,Aeroflot,365,FALSE,TRUE
87,88,6902,25-11-2018,11:50:00 AM,GRQ,25-11-2018,12:20:00 PM,RTM,Aeroflot,827,FALSE,TRUE
88,89,8303,25-11-2018,8:10:00 AM,EIN,25-11-2018,9:30:00 AM,GRQ,Aeroflot,582,TRUE,TRUE
89,90,1721,30-11-2018,5:00:00 PM,MST,30-11-2018,7:40:00 PM,RTM,Aeroflot,118,FALSE,TRUE
90,91,8796,24-11-2018,5:30:00 PM,MST,24-11-2018,8:00:00 PM,MST,Aeroflot,874,TRUE,TRUE
91,92,9648,27-11-2018,7:10:00 PM,AMS,27-11-2018,8:30:00 PM,RTM,Aeroflot,171,FALSE,TRUE
92,93,6062,28-11-2018,10:40:00 AM,EIN,28-11-2018,1:40:00 PM,GRQ,Aeroflot,768,FALSE,TRUE
93,94,1439,23-11-2018,6:40:00 AM,LEY,23-11-2018,9:00:00 AM,LEY,Aeroflot,146,FALSE,FALSE
94,95,2252,26-11-2018,3:20:00 AM,GRQ,26-11-2018,6:20:00 AM,LEY,Aeroflot,781,TRUE,TRUE
95,96,6761,27-11-2018,7:40:00 AM,MST,27-11-2018,9:50:00 AM,LEY,Aeroflot,600,TRUE,TRUE
96,97,1495,25-11-2018,6:20:00 PM,AMS,25-11-2018,9:00:00 PM,ENS,Aeroflot,87,TRUE,FALSE
97,98,3377,23-11-2018,1:30:00 PM,LEY,23-11-2018,2:20:00 PM,RTM,Aeroflot,882,TRUE,TRUE
98,99,2171,26-11-2018,4:00:00 AM,EIN,26-11-2018,6:20:00 AM,LEY,Aeroflot,277,TRUE,FALSE
99,100,6685,30-11-2018,2:00:00 AM,LEY,30-11-2018,4:40:00 AM,ENS,Aeroflot,409,TRUE,FALSE
100,101,4097,24-11-2018,8:20:00 AM,GRQ,24-11-2018,9:40:00 AM,GRQ,Aeroflot,750,FALSE,FALSE
101,102,9018,25-11-2018,4:20:00 AM,MST,25-11-2018,6:50:00 AM,EIN,Aeroflot,860,FALSE,TRUE
102,103,3495,27-11-2018,7:40:00 AM,ENS,27-11-2018,10:50:00 AM,MST,Aeroflot,149,TRUE,FALSE
103,104,4066,28-11-2018,11:30:00 AM,ENS,28-11-2018,12:00:00 PM,RTM,Aeroflot,748,TRUE,TRUE
104,105,1308,27-11-2018,8:50:00 AM,RTM,27-11-2018,10:20:00 AM,MST,Aeroflot,102,FALSE,FALSE
105,106,1085,26-11-2018,7:00:00 AM,AMS,26-11-2018,10:10:00 AM,EIN,Aeroflot,347,FALSE,FALSE
106,107,2523,29-11-2018,11:20:00 AM,AMS,29-11-2018,2:20:00 PM,GRQ,Aeroflot,189,FALSE,TRUE
107,108,7550,30-11-2018,3:20:00 AM,LEY,30-11-2018,6:10:00 AM,RTM,Aeroflot,889,TRUE,TRUE
108,109,2550,23-11-2018,5:10:00 PM,LEY,23-11-2018,6:30:00 PM,LEY,Aeroflot,209,FALSE,TRUE
109,110,9409,23-11-2018,3:20:00 AM,AMS,23-11-2018,5:20:00 AM,GRQ,Norwegian,804,FALSE,TRUE
110,111,1765,30-11-2018,6:20:00 AM,LEY,30-11-2018,7:50:00 AM,GRQ,Norwegian,744,FALSE,TRUE
111,112,5076,28-11-2018,12:40:00 PM,AMS,28-11-2018,3:50:00 PM,LEY,Norwegian,78,FALSE,FALSE
112,113,3578,24-11-2018,5:40:00 AM,GRQ,24-11-2018,7:00:00 AM,EIN,Norwegian,580,TRUE,TRUE
113,114,1541,28-11-2018,1:40:00 AM,LEY,28-11-2018,4:40:00 AM,MST,Norwegian,655,TRUE,TRUE
114,115,8545,25-11-2018,1:30:00 AM,EIN,25-11-2018,2:50:00 AM,LEY,Norwegian,50,FALSE,TRUE
115,116,5063,25-11-2018,12:20:00 PM,LEY,25-11-2018,2:10:00 PM,GRQ,Norwegian,591,FALSE,TRUE
116,117,4954,25-11-2018,5:00:00 PM,LEY,25-11-2018,7:00:00 PM,AMS,Norwegian,780,FALSE,TRUE
117,118,7782,29-11-2018,7:20:00 AM,EIN,29-11-2018,10:30:00 AM,AMS,Norwegian,160,FALSE,TRUE
118,119,2622,25-11-2018,5:00:00 AM,MST,25-11-2018,6:40:00 AM,MST,Norwegian,732,FALSE,TRUE
119,120,7160,28-11-2018,4:50:00 AM,EIN,28-11-2018,6:10:00 AM,MST,Norwegian,72,FALSE,TRUE
120,121,7873,28-11-2018,12:10:00 PM,ENS,28-11-2018,2:10:00 PM,LEY,Norwegian,434,FALSE,TRUE
121,122,3180,25-11-2018,5:10:00 AM,AMS,25-11-2018,6:40:00 AM,GRQ,Norwegian,947,FALSE,FALSE
122,123,4404,28-11-2018,5:20:00 PM,LEY,28-11-2018,8:40:00 PM,LEY,Norwegian,425,TRUE,FALSE
123,124,4062,27-11-2018,4:40:00 PM,RTM,27-11-2018,5:20:00 PM,AMS,Norwegian,486,TRUE,TRUE
124,125,8202,27-11-2018,1:50:00 AM,LEY,27-11-2018,2:10:00 AM,ENS,Norwegian,920,FALSE,FALSE
125,126,2915,24-11-2018,11:10:00 AM,LEY,24-11-2018,1:10:00 PM,LEY,Norwegian,169,TRUE,TRUE
126,127,2485,30-11-2018,4:10:00 AM,RTM,30-11-2018,6:20:00 AM,AMS,Norwegian,192,FALSE,TRUE
127,128,8165,23-11-2018,2:50:00 AM,LEY,23-11-2018,5:50:00 AM,AMS,Norwegian,471,TRUE,TRUE
128,129,5303,23-11-2018,5:50:00 AM,AMS,23-11-2018,7:50:00 AM,EIN,Norwegian,450,FALSE,FALSE
129,130,5865,29-11-2018,6:50:00 PM,AMS,29-11-2018,9:10:00 PM,GRQ,Norwegian,763,TRUE,TRUE
130,131,3603,30-11-2018,2:30:00 AM,ENS,30-11-2018,4:10:00 AM,RTM,Norwegian,86,FALSE,TRUE
131,132,9837,30-11-2018,3:10:00 AM,MST,30-11-2018,6:00:00 AM,AMS,Norwegian,651,TRUE,FALSE
132,133,6994,25-11-2018,6:10:00 PM,AMS,25-11-2018,7:40:00 PM,RTM,Norwegian,277,FALSE,TRUE
133,134,3761,24-11-2018,5:20:00 AM,ENS,24-11-2018,6:50:00 AM,GRQ,Norwegian,593,TRUE,TRUE
134,135,6504,26-11-2018,1:30:00 PM,RTM,26-11-2018,3:50:00 PM,ENS,Norwegian,576,TRUE,TRUE
135,136,1564,23-11-2018,1:40:00 AM,MST,23-11-2018,3:00:00 AM,ENS,Norwegian,669,FALSE,TRUE
136,137,2013,28-11-2018,7:30:00 AM,EIN,28-11-2018,8:40:00 AM,MST,Norwegian,425,FALSE,FALSE
137,138,8365,27-11-2018,3:40:00 PM,AMS,27-11-2018,6:10:00 PM,EIN,Norwegian,934,FALSE,TRUE
138,139,8628,30-11-2018,6:10:00 AM,LEY,30-11-2018,9:20:00 AM,ENS,Norwegian,508,FALSE,TRUE
139,140,4092,23-11-2018,9:30:00 AM,RTM,23-11-2018,10:30:00 AM,ENS,Norwegian,931,TRUE,TRUE
140,141,3150,30-11-2018,7:40:00 AM,GRQ,30-11-2018,10:00:00 AM,EIN,Norwegian,99,FALSE,TRUE
141,142,3863,25-11-2018,8:30:00 AM,EIN,25-11-2018,11:10:00 AM,EIN,Norwegian,686,TRUE,FALSE
142,143,3879,24-11-2018,2:10:00 PM,AMS,24-11-2018,5:40:00 PM,EIN,Norwegian,460,TRUE,TRUE
143,144,1935,25-11-2018,2:40:00 PM,GRQ,25-11-2018,4:00:00 PM,AMS,Norwegian,274,TRUE,FALSE
144,145,9385,30-11-2018,1:30:00 AM,GRQ,30-11-2018,4:20:00 AM,MST,Norwegian,196,TRUE,TRUE
145,146,5588,25-11-2018,2:30:00 PM,ENS,25-11-2018,4:30:00 PM,ENS,Norwegian,527,TRUE,FALSE
146,147,6605,30-11-2018,12:10:00 PM,LEY,30-11-2018,1:00:00 PM,ENS,Norwegian,65,FALSE,TRUE
147,148,7793,30-11-2018,10:20:00 AM,ENS,30-11-2018,1:40:00 PM,MST,Norwegian,653,FALSE,FALSE
148,149,5575,29-11-2018,11:10:00 AM,AMS,29-11-2018,1:40:00 PM,LEY,Norwegian,613,FALSE,TRUE
149,150,2972,23-11-2018,12:40:00 PM,MST,23-11-2018,2:50:00 PM,RTM,Norwegian,642,FALSE,FALSE
150,151,4697,23-11-2018,9:40:00 AM,EIN,23-11-2018,11:00:00 AM,EIN,Norwegian,862,TRUE,TRUE
151,152,8627,26-11-2018,5:50:00 AM,MST,26-11-2018,6:50:00 AM,MST,Norwegian,518,TRUE,FALSE
152,153,1530,23-11-2018,12:20:00 PM,AMS,23-11-2018,1:30:00 PM,EIN,Norwegian,627,FALSE,FALSE
153,154,1777,25-11-2018,5:30:00 PM,GRQ,25-11-2018,7:50:00 PM,GRQ,Norwegian,81,FALSE,TRUE
154,155,9698,30-11-2018,5:50:00 AM,RTM,30-11-2018,7:40:00 AM,RTM,Norwegian,537,TRUE,TRUE
155,156,5211,29-11-2018,12:30:00 PM,ENS,29-11-2018,1:20:00 PM,MST,Norwegian,115,FALSE,TRUE
156,157,2210,29-11-2018,3:00:00 AM,MST,29-11-2018,6:10:00 AM,EIN,Norwegian,724,TRUE,TRUE
157,158,6777,30-11-2018,3:40:00 PM,ENS,30-11-2018,4:50:00 PM,MST,Norwegian,574,FALSE,FALSE
158,159,5547,28-11-2018,8:40:00 AM,MST,28-11-2018,9:00:00 AM,EIN,Norwegian,126,TRUE,FALSE
159,160,7974,27-11-2018,8:40:00 AM,LEY,27-11-2018,10:50:00 AM,LEY,Norwegian,602,TRUE,FALSE
160,161,4821,25-11-2018,1:10:00 PM,LEY,25-11-2018,2:30:00 PM,LEY,Norwegian,204,TRUE,TRUE
161,162,9969,30-11-2018,11:40:00 AM,GRQ,30-11-2018,2:20:00 PM,LEY,Norwegian,310,FALSE,TRUE
162,163,4701,28-11-2018,2:40:00 PM,RTM,28-11-2018,3:40:00 PM,RTM,Norwegian,178,TRUE,FALSE
163,164,4255,29-11-2018,1:50:00 AM,AMS,29-11-2018,2:00:00 AM,LEY,Norwegian,879,FALSE,FALSE
164,165,5187,24-11-2018,8:00:00 AM,LEY,24-11-2018,11:20:00 AM,GRQ,Norwegian,738,FALSE,TRUE
165,166,4185,29-11-2018,9:20:00 AM,AMS,29-11-2018,10:20:00 AM,EIN,Norwegian,730,TRUE,FALSE
166,167,5208,23-11-2018,3:50:00 PM,MST,23-11-2018,5:00:00 PM,RTM,Norwegian,544,FALSE,TRUE
167,168,8698,24-11-2018,6:30:00 PM,AMS,24-11-2018,8:00:00 PM,ENS,Norwegian,962,FALSE,FALSE
168,169,2199,30-11-2018,9:40:00 AM,LEY,30-11-2018,12:00:00 PM,ENS,Norwegian,645,FALSE,TRUE
169,170,3220,23-11-2018,10:40:00 AM,ENS,23-11-2018,1:10:00 PM,RTM,Norwegian,283,FALSE,TRUE
170,171,5065,23-11-2018,1:00:00 PM,AMS,23-11-2018,4:20:00 PM,GRQ,Norwegian,830,FALSE,TRUE
171,172,1004,27-11-2018,3:10:00 AM,AMS,27-11-2018,4:40:00 AM,LEY,Norwegian,98,FALSE,TRUE
172,173,5633,23-11-2018,12:40:00 PM,RTM,23-11-2018,2:50:00 PM,LEY,Norwegian,165,TRUE,FALSE
173,174,8165,23-11-2018,4:50:00 AM,GRQ,23-11-2018,6:40:00 AM,EIN,Norwegian,663,FALSE,FALSE
174,175,9184,26-11-2018,1:10:00 PM,GRQ,26-11-2018,4:40:00 PM,GRQ,Norwegian,811,TRUE,TRUE
175,176,2669,30-11-2018,2:10:00 PM,RTM,30-11-2018,5:30:00 PM,EIN,Norwegian,580,TRUE,FALSE
176,177,2815,30-11-2018,9:30:00 AM,ENS,30-11-2018,10:50:00 AM,LEY,Norwegian,674,TRUE,TRUE
177,178,9131,24-11-2018,3:30:00 PM,GRQ,24-11-2018,6:10:00 PM,RTM,Norwegian,417,FALSE,TRUE
178,179,2883,28-11-2018,10:30:00 AM,AMS,28-11-2018,12:40:00 PM,RTM,Norwegian,753,TRUE,FALSE
179,180,1893,28-11-2018,6:50:00 PM,AMS,28-11-2018,9:50:00 PM,ENS,Norwegian,479,FALSE,FALSE
180,181,4987,23-11-2018,7:10:00 AM,ENS,23-11-2018,10:10:00 AM,ENS,Norwegian,804,FALSE,FALSE
181,182,2410,29-11-2018,1:40:00 PM,RTM,29-11-2018,3:50:00 PM,GRQ,Norwegian,969,FALSE,FALSE
182,183,4511,28-11-2018,5:00:00 AM,GRQ,28-11-2018,7:00:00 AM,MST,Norwegian,480,TRUE,TRUE
183,184,5818,28-11-2018,4:50:00 AM,EIN,28-11-2018,7:10:00 AM,MST,Norwegian,406,TRUE,TRUE
184,185,3766,27-11-2018,7:30:00 PM,EIN,27-11-2018,9:00:00 PM,RTM,Norwegian,442,FALSE,FALSE
185,186,3176,27-11-2018,1:10:00 AM,RTM,27-11-2018,4:30:00 AM,RTM,Norwegian,254,TRUE,TRUE
186,187,3060,29-11-2018,5:30:00 PM,ENS,29-11-2018,6:20:00 PM,AMS,Norwegian,555,TRUE,FALSE
187,188,1073,24-11-2018,1:00:00 PM,GRQ,24-11-2018,4:30:00 PM,LEY,Norwegian,745,TRUE,TRUE
188,189,8720,26-11-2018,6:40:00 AM,MST,26-11-2018,9:00:00 AM,LEY,Norwegian,135,FALSE,FALSE
189,190,4355,25-11-2018,5:20:00 PM,LEY,25-11-2018,8:50:00 PM,RTM,Norwegian,923,TRUE,TRUE
190,191,9203,27-11-2018,3:40:00 AM,GRQ,27-11-2018,6:00:00 AM,EIN,Norwegian,82,TRUE,TRUE
191,192,7740,27-11-2018,1:10:00 PM,AMS,27-11-2018,3:10:00 PM,EIN,Norwegian,888,FALSE,FALSE
192,193,9986,30-11-2018,12:10:00 PM,ENS,30-11-2018,1:40:00 PM,RTM,Norwegian,689,FALSE,TRUE
193,194,1437,29-11-2018,10:30:00 AM,MST,29-11-2018,12:30:00 PM,AMS,Norwegian,409,FALSE,TRUE
194,195,7470,29-11-2018,2:50:00 PM,GRQ,29-11-2018,5:40:00 PM,LEY,Norwegian,454,FALSE,TRUE
195,196,7149,30-11-2018,5:50:00 AM,ENS,30-11-2018,6:20:00 AM,LEY,Norwegian,82,TRUE,FALSE
196,197,5878,28-11-2018,6:50:00 PM,RTM,28-11-2018,8:40:00 PM,MST,Norwegian,863,TRUE,FALSE
197,198,6342,24-11-2018,7:40:00 PM,RTM,24-11-2018,8:00:00 PM,EIN,Norwegian,377,TRUE,TRUE
198,199,6376,28-11-2018,11:50:00 AM,GRQ,28-11-2018,12:10:00 PM,GRQ,Norwegian,274,TRUE,TRUE
199,200,6605,23-11-2018,1:20:00 AM,MST,23-11-2018,2:00:00 AM,EIN,Norwegian,99,FALSE,FALSE
200,201,9209,24-11-2018,4:00:00 AM,ENS,24-11-2018,7:50:00 AM,LEY,Norwegian,691,TRUE,TRUE
201,202,7302,27-11-2018,4:00:00 AM,GRQ,27-11-2018,7:10:00 AM,MST,Norwegian,300,TRUE,FALSE
202,203,8747,24-11-2018,12:10:00 PM,AMS,24-11-2018,3:20:00 PM,EIN,Norwegian,732,FALSE,FALSE
203,204,7371,30-11-2018,4:10:00 AM,RTM,30-11-2018,7:40:00 AM,LEY,Norwegian,500,FALSE,FALSE
204,205,7562,27-11-2018,7:00:00 PM,ENS,27-11-2018,10:00:00 PM,AMS,Norwegian,657,FALSE,FALSE
205,206,6976,27-11-2018,5:50:00 AM,GRQ,27-11-2018,6:50:00 AM,AMS,Norwegian,357,TRUE,FALSE
206,207,6007,23-11-2018,10:00:00 AM,RTM,23-11-2018,1:20:00 PM,MST,Norwegian,746,TRUE,TRUE
207,208,8413,23-11-2018,4:00:00 PM,MST,23-11-2018,6:20:00 PM,MST,Norwegian,445,FALSE,FALSE
208,209,2915,23-11-2018,4:10:00 AM,GRQ,23-11-2018,7:20:00 AM,AMS,Norwegian,142,FALSE,FALSE
209,210,2558,27-11-2018,4:40:00 PM,MST,27-11-2018,6:50:00 PM,LEY,Norwegian,929,FALSE,TRUE
210,211,8663,28-11-2018,6:00:00 PM,LEY,28-11-2018,9:40:00 PM,EIN,Norwegian,227,TRUE,FALSE
211,212,4391,24-11-2018,4:00:00 AM,ENS,24-11-2018,7:50:00 AM,AMS,Norwegian,807,TRUE,TRUE
212,213,9357,26-11-2018,10:00:00 AM,AMS,26-11-2018,12:30:00 PM,ENS,Norwegian,809,FALSE,TRUE
213,214,1659,24-11-2018,9:50:00 AM,RTM,24-11-2018,12:40:00 PM,GRQ,Norwegian,177,FALSE,FALSE
214,215,5708,23-11-2018,2:10:00 AM,AMS,23-11-2018,4:30:00 AM,LEY,Norwegian,628,FALSE,TRUE
215,216,8847,23-11-2018,2:00:00 AM,RTM,23-11-2018,4:20:00 AM,ENS,Norwegian,770,TRUE,FALSE
216,217,5266,29-11-2018,6:10:00 PM,LEY,29-11-2018,9:10:00 PM,MST,Norwegian,908,TRUE,TRUE
217,218,9064,30-11-2018,2:10:00 AM,MST,30-11-2018,5:30:00 AM,MST,Norwegian,703,TRUE,FALSE
218,219,9626,28-11-2018,12:30:00 PM,EIN,28-11-2018,1:20:00 PM,GRQ,Norwegian,473,TRUE,TRUE
219,220,7019,25-11-2018,9:30:00 AM,EIN,25-11-2018,12:40:00 PM,LEY,Norwegian,644,FALSE,TRUE
220,221,7375,30-11-2018,8:30:00 AM,RTM,30-11-2018,9:40:00 AM,AMS,Norwegian,117,TRUE,FALSE
221,222,9437,29-11-2018,7:20:00 PM,GRQ,29-11-2018,8:20:00 PM,AMS,Norwegian,582,FALSE,TRUE
222,223,5307,28-11-2018,2:40:00 PM,GRQ,28-11-2018,3:20:00 PM,GRQ,Norwegian,162,FALSE,FALSE
223,224,4189,23-11-2018,3:20:00 AM,MST,23-11-2018,4:20:00 AM,MST,Norwegian,399,TRUE,TRUE
224,225,2095,29-11-2018,4:30:00 PM,RTM,29-11-2018,7:50:00 PM,GRQ,Norwegian,228,FALSE,TRUE
225,226,7423,28-11-2018,12:50:00 PM,MST,28-11-2018,3:00:00 PM,GRQ,Norwegian,630,TRUE,FALSE
226,227,5291,25-11-2018,7:40:00 AM,RTM,25-11-2018,8:10:00 AM,MST,Norwegian,192,FALSE,TRUE
227,228,7202,25-11-2018,6:00:00 AM,GRQ,25-11-2018,9:50:00 AM,LEY,Norwegian,465,FALSE,FALSE
228,229,1977,26-11-2018,2:40:00 PM,ENS,26-11-2018,3:10:00 PM,ENS,Norwegian,995,FALSE,FALSE
229,230,1927,29-11-2018,7:50:00 AM,MST,29-11-2018,9:10:00 AM,EIN,Norwegian,772,FALSE,FALSE
230,231,6031,30-11-2018,8:00:00 AM,MST,30-11-2018,11:30:00 AM,EIN,Norwegian,50,TRUE,TRUE
231,232,1722,28-11-2018,3:30:00 PM,GRQ,28-11-2018,5:10:00 PM,ENS,Norwegian,50,FALSE,TRUE
232,233,7827,25-11-2018,11:00:00 AM,RTM,25-11-2018,2:10:00 PM,GRQ,Norwegian,964,TRUE,FALSE
233,234,4774,25-11-2018,7:00:00 AM,MST,25-11-2018,9:50:00 AM,MST,Norwegian,807,TRUE,TRUE
234,235,7347,25-11-2018,7:20:00 PM,AMS,25-11-2018,8:40:00 PM,LEY,Norwegian,518,FALSE,FALSE
235,236,4201,25-11-2018,2:20:00 AM,MST,25-11-2018,3:10:00 AM,ENS,Norwegian,64,FALSE,TRUE
236,237,8428,28-11-2018,2:10:00 PM,LEY,28-11-2018,5:40:00 PM,GRQ,Norwegian,415,FALSE,FALSE
237,238,5832,26-11-2018,7:50:00 PM,GRQ,26-11-2018,9:00:00 PM,ENS,Norwegian,230,FALSE,FALSE
238,239,8321,24-11-2018,5:20:00 PM,RTM,24-11-2018,7:20:00 PM,ENS,Norwegian,495,FALSE,TRUE
239,240,1988,28-11-2018,4:40:00 PM,AMS,28-11-2018,6:20:00 PM,ENS,Norwegian,849,TRUE,TRUE
240,241,6814,29-11-2018,6:40:00 AM,AMS,29-11-2018,8:20:00 AM,ENS,Norwegian,847,TRUE,FALSE
241,242,8647,24-11-2018,5:30:00 PM,LEY,24-11-2018,7:00:00 PM,MST,Norwegian,517,FALSE,FALSE
242,243,3877,24-11-2018,3:00:00 PM,MST,24-11-2018,4:00:00 PM,EIN,Norwegian,307,FALSE,FALSE
243,244,6923,24-11-2018,4:10:00 AM,GRQ,24-11-2018,6:40:00 AM,GRQ,Norwegian,974,FALSE,TRUE
244,245,2526,26-11-2018,4:50:00 PM,AMS,26-11-2018,7:00:00 PM,MST,Norwegian,276,FALSE,FALSE
245,246,1102,25-11-2018,1:50:00 PM,ENS,25-11-2018,2:00:00 PM,RTM,Norwegian,464,FALSE,TRUE
246,247,3409,28-11-2018,3:20:00 AM,LEY,28-11-2018,5:40:00 AM,MST,Norwegian,515,FALSE,FALSE
247,248,1899,30-11-2018,8:20:00 AM,ENS,30-11-2018,9:00:00 AM,LEY,Norwegian,555,TRUE,FALSE
248,249,9733,29-11-2018,5:10:00 PM,ENS,29-11-2018,7:00:00 PM,GRQ,Norwegian,939,TRUE,TRUE
249,250,7440,25-11-2018,11:20:00 AM,ENS,25-11-2018,2:20:00 PM,AMS,Norwegian,814,FALSE,FALSE
250,251,8685,27-11-2018,12:00:00 PM,AMS,27-11-2018,1:40:00 PM,ENS,Norwegian,819,FALSE,FALSE
251,252,5874,30-11-2018,4:30:00 AM,MST,30-11-2018,5:20:00 AM,RTM,Norwegian,390,TRUE,TRUE
252,253,8644,23-11-2018,6:50:00 AM,MST,23-11-2018,7:00:00 AM,MST,Norwegian,226,FALSE,FALSE
253,254,2646,29-11-2018,5:10:00 PM,AMS,29-11-2018,8:30:00 PM,RTM,Norwegian,511,FALSE,FALSE
254,255,9453,26-11-2018,3:10:00 PM,MST,26-11-2018,5:30:00 PM,RTM,Norwegian,788,TRUE,FALSE
255,256,4900,30-11-2018,6:30:00 AM,EIN,30-11-2018,8:20:00 AM,LEY,Norwegian,43,TRUE,TRUE
256,257,4088,30-11-2018,5:30:00 PM,ENS,30-11-2018,8:30:00 PM,MST,Norwegian,373,FALSE,TRUE
257,258,5050,26-11-2018,5:00:00 PM,GRQ,26-11-2018,6:30:00 PM,LEY,Norwegian,478,FALSE,FALSE
258,259,8985,28-11-2018,6:00:00 AM,LEY,28-11-2018,9:10:00 AM,ENS,Norwegian,369,TRUE,FALSE
259,260,9603,24-11-2018,11:40:00 AM,EIN,24-11-2018,1:00:00 PM,AMS,Norwegian,403,TRUE,TRUE
260,261,6460,28-11-2018,2:00:00 PM,LEY,28-11-2018,4:10:00 PM,GRQ,Norwegian,738,FALSE,TRUE
261,262,2368,24-11-2018,4:00:00 PM,ENS,24-11-2018,5:40:00 PM,MST,Norwegian,824,FALSE,TRUE
262,263,3555,29-11-2018,3:20:00 AM,LEY,29-11-2018,5:50:00 AM,GRQ,Norwegian,693,TRUE,TRUE
263,264,3247,25-11-2018,3:20:00 PM,MST,25-11-2018,4:10:00 PM,ENS,Norwegian,196,TRUE,FALSE
264,265,8544,29-11-2018,5:10:00 AM,MST,29-11-2018,8:20:00 AM,MST,Norwegian,445,TRUE,FALSE
265,266,4865,27-11-2018,11:20:00 AM,EIN,27-11-2018,12:10:00 PM,RTM,Norwegian,819,TRUE,TRUE
266,267,4692,25-11-2018,7:00:00 AM,RTM,25-11-2018,9:10:00 AM,ENS,Norwegian,889,TRUE,TRUE
267,268,3960,29-11-2018,8:20:00 AM,LEY,29-11-2018,10:00:00 AM,AMS,Norwegian,240,FALSE,TRUE
268,269,4621,24-11-2018,3:50:00 AM,LEY,24-11-2018,6:30:00 AM,LEY,Norwegian,971,FALSE,FALSE
269,270,6911,24-11-2018,12:40:00 PM,RTM,24-11-2018,3:30:00 PM,AMS,Norwegian,197,FALSE,FALSE
270,271,6333,27-11-2018,5:30:00 AM,RTM,27-11-2018,8:50:00 AM,EIN,Norwegian,640,FALSE,FALSE
271,272,4448,24-11-2018,6:10:00 AM,RTM,24-11-2018,8:50:00 AM,MST,Norwegian,946,TRUE,FALSE
272,273,3933,23-11-2018,6:30:00 PM,RTM,23-11-2018,8:30:00 PM,MST,Norwegian,404,TRUE,TRUE
273,274,2778,25-11-2018,1:00:00 PM,AMS,25-11-2018,3:40:00 PM,LEY,Norwegian,74,FALSE,FALSE
274,275,8307,23-11-2018,4:50:00 PM,LEY,23-11-2018,5:10:00 PM,LEY,Norwegian,322,TRUE,TRUE
275,276,4666,24-11-2018,2:50:00 PM,AMS,24-11-2018,3:10:00 PM,MST,Norwegian,272,TRUE,FALSE
276,277,3233,26-11-2018,1:30:00 AM,GRQ,26-11-2018,2:30:00 AM,EIN,Norwegian,127,TRUE,TRUE
277,278,9751,30-11-2018,3:50:00 AM,LEY,30-11-2018,6:40:00 AM,LEY,Norwegian,586,FALSE,TRUE
278,279,8819,25-11-2018,3:40:00 AM,MST,25-11-2018,4:00:00 AM,RTM,Norwegian,407,FALSE,TRUE
279,280,5747,25-11-2018,8:50:00 AM,AMS,25-11-2018,11:30:00 AM,RTM,Norwegian,973,TRUE,TRUE
280,281,2040,27-11-2018,8:30:00 AM,AMS,27-11-2018,10:00:00 AM,EIN,Norwegian,621,TRUE,TRUE
281,282,8917,27-11-2018,3:00:00 AM,GRQ,27-11-2018,5:30:00 AM,RTM,Norwegian,729,TRUE,TRUE
282,283,5569,23-11-2018,8:30:00 AM,AMS,23-11-2018,9:10:00 AM,EIN,Norwegian,954,TRUE,TRUE
283,284,9215,30-11-2018,6:30:00 PM,MST,30-11-2018,8:20:00 PM,RTM,Norwegian,904,FALSE,FALSE
284,285,3248,26-11-2018,1:40:00 PM,GRQ,26-11-2018,3:00:00 PM,LEY,Norwegian,474,FALSE,TRUE
285,286,6379,28-11-2018,1:30:00 AM,EIN,28-11-2018,4:20:00 AM,ENS,Norwegian,714,FALSE,TRUE
286,287,9594,28-11-2018,11:20:00 AM,AMS,28-11-2018,12:10:00 PM,MST,Norwegian,961,TRUE,FALSE
287,288,5927,29-11-2018,10:40:00 AM,MST,29-11-2018,12:20:00 PM,LEY,Norwegian,215,FALSE,TRUE
288,289,6651,27-11-2018,3:10:00 AM,RTM,27-11-2018,4:50:00 AM,RTM,Norwegian,525,TRUE,FALSE
289,290,7952,26-11-2018,5:10:00 PM,LEY,26-11-2018,8:30:00 PM,LEY,Norwegian,753,FALSE,TRUE
290,291,8388,24-11-2018,2:30:00 AM,AMS,24-11-2018,3:50:00 AM,LEY,Norwegian,644,FALSE,FALSE
291,292,5722,23-11-2018,7:20:00 PM,ENS,23-11-2018,10:50:00 PM,RTM,Norwegian,492,TRUE,FALSE
292,293,5404,24-11-2018,12:50:00 PM,RTM,24-11-2018,3:30:00 PM,LEY,Norwegian,204,TRUE,TRUE
293,294,4030,25-11-2018,11:30:00 AM,GRQ,25-11-2018,12:30:00 PM,ENS,Norwegian,829,TRUE,FALSE
294,295,5380,27-11-2018,8:30:00 AM,GRQ,27-11-2018,11:20:00 AM,EIN,Norwegian,788,TRUE,TRUE
295,296,7750,27-11-2018,3:50:00 AM,AMS,27-11-2018,5:10:00 AM,ENS,Norwegian,857,TRUE,TRUE
296,297,8559,24-11-2018,7:10:00 AM,RTM,24-11-2018,10:00:00 AM,GRQ,Norwegian,209,TRUE,TRUE
297,298,3063,30-11-2018,2:00:00 AM,RTM,30-11-2018,4:30:00 AM,MST,Norwegian,842,FALSE,TRUE
298,299,8269,27-11-2018,1:50:00 AM,EIN,27-11-2018,3:40:00 AM,AMS,Norwegian,764,TRUE,FALSE
299,300,2594,29-11-2018,3:00:00 PM,LEY,29-11-2018,5:50:00 PM,LEY,Norwegian,655,TRUE,FALSE
300,301,3436,25-11-2018,7:00:00 PM,ENS,25-11-2018,8:00:00 PM,RTM,Norwegian,756,FALSE,TRUE
301,302,4129,29-11-2018,9:00:00 AM,EIN,29-11-2018,10:20:00 AM,LEY,Norwegian,216,FALSE,TRUE
302,303,1103,26-11-2018,10:00:00 AM,ENS,26-11-2018,12:30:00 PM,AMS,Norwegian,193,FALSE,TRUE
303,304,4873,30-11-2018,9:30:00 AM,GRQ,30-11-2018,12:20:00 PM,AMS,Norwegian,148,FALSE,FALSE
304,305,7508,28-11-2018,7:30:00 PM,LEY,28-11-2018,10:10:00 PM,ENS,Norwegian,777,FALSE,TRUE
305,306,4194,30-11-2018,12:10:00 PM,RTM,30-11-2018,1:50:00 PM,ENS,Norwegian,972,TRUE,TRUE
306,307,2492,28-11-2018,6:20:00 PM,RTM,28-11-2018,9:40:00 PM,MST,Norwegian,923,FALSE,FALSE
307,308,4034,28-11-2018,2:00:00 AM,ENS,28-11-2018,3:40:00 AM,ENS,Norwegian,381,TRUE,TRUE
308,309,9055,23-11-2018,1:50:00 PM,LEY,23-11-2018,3:20:00 PM,AMS,Norwegian,554,TRUE,TRUE
309,310,2255,25-11-2018,7:30:00 PM,RTM,25-11-2018,8:00:00 PM,ENS,Norwegian,550,TRUE,FALSE
310,311,6572,27-11-2018,3:00:00 AM,LEY,27-11-2018,5:50:00 AM,ENS,Norwegian,190,TRUE,FALSE
311,312,1703,23-11-2018,4:50:00 PM,GRQ,23-11-2018,7:50:00 PM,ENS,Norwegian,885,TRUE,TRUE
312,313,7731,26-11-2018,11:00:00 AM,RTM,26-11-2018,2:00:00 PM,EIN,Norwegian,692,TRUE,FALSE
313,314,3467,25-11-2018,2:50:00 PM,AMS,25-11-2018,3:20:00 PM,MST,Norwegian,536,FALSE,TRUE
314,315,3237,30-11-2018,9:20:00 AM,RTM,30-11-2018,11:50:00 AM,MST,Norwegian,980,TRUE,TRUE
315,316,1291,30-11-2018,4:00:00 PM,EIN,30-11-2018,6:40:00 PM,MST,Norwegian,140,TRUE,TRUE
316,317,8367,30-11-2018,3:50:00 AM,AMS,30-11-2018,4:30:00 AM,LEY,Norwegian,272,FALSE,TRUE
317,318,5090,29-11-2018,6:20:00 AM,RTM,29-11-2018,7:20:00 AM,MST,Norwegian,813,FALSE,TRUE
318,319,7232,25-11-2018,8:20:00 AM,AMS,25-11-2018,10:30:00 AM,GRQ,Norwegian,230,FALSE,FALSE
319,320,1690,30-11-2018,3:10:00 AM,LEY,30-11-2018,6:40:00 AM,EIN,Norwegian,249,TRUE,FALSE
320,321,1851,28-11-2018,9:40:00 AM,EIN,28-11-2018,11:10:00 AM,LEY,Norwegian,173,TRUE,FALSE
321,322,1371,29-11-2018,7:50:00 PM,RTM,29-11-2018,9:20:00 PM,ENS,Norwegian,688,FALSE,TRUE
322,323,2198,26-11-2018,5:10:00 PM,AMS,26-11-2018,7:20:00 PM,MST,Norwegian,73,FALSE,TRUE
323,324,3815,26-11-2018,6:20:00 PM,RTM,26-11-2018,9:20:00 PM,EIN,Norwegian,291,TRUE,TRUE
324,325,7189,28-11-2018,5:10:00 AM,AMS,28-11-2018,7:20:00 AM,EIN,Norwegian,732,TRUE,TRUE
325,326,8192,28-11-2018,4:20:00 AM,LEY,28-11-2018,6:00:00 AM,GRQ,Norwegian,896,TRUE,FALSE
326,327,6952,30-11-2018,1:50:00 AM,MST,30-11-2018,2:50:00 AM,GRQ,Norwegian,316,TRUE,TRUE
327,328,8912,28-11-2018,4:50:00 PM,RTM,28-11-2018,5:50:00 PM,EIN,Finnair,53,TRUE,FALSE
328,329,1466,28-11-2018,1:30:00 PM,EIN,28-11-2018,3:30:00 PM,EIN,Finnair,384,FALSE,TRUE
329,330,7412,27-11-2018,3:10:00 PM,RTM,27-11-2018,4:20:00 PM,ENS,Finnair,760,TRUE,FALSE
330,331,4682,24-11-2018,6:50:00 PM,GRQ,24-11-2018,9:50:00 PM,LEY,Finnair,87,FALSE,TRUE
331,332,6715,25-11-2018,9:50:00 AM,AMS,25-11-2018,10:20:00 AM,ENS,Finnair,118,TRUE,FALSE
332,333,6667,25-11-2018,5:20:00 AM,RTM,25-11-2018,8:00:00 AM,AMS,Finnair,402,TRUE,TRUE
333,334,8668,25-11-2018,5:30:00 AM,AMS,25-11-2018,6:20:00 AM,LEY,Finnair,476,FALSE,FALSE
334,335,9186,29-11-2018,12:10:00 PM,MST,29-11-2018,2:40:00 PM,EIN,Finnair,997,TRUE,TRUE
335,336,6509,28-11-2018,4:10:00 PM,ENS,28-11-2018,5:10:00 PM,LEY,Finnair,669,FALSE,FALSE
336,337,6935,28-11-2018,10:30:00 AM,EIN,28-11-2018,11:10:00 AM,ENS,Finnair,233,FALSE,TRUE
337,338,7791,29-11-2018,5:50:00 AM,RTM,29-11-2018,7:00:00 AM,GRQ,Finnair,974,TRUE,TRUE
338,339,9890,28-11-2018,1:10:00 PM,AMS,28-11-2018,3:10:00 PM,EIN,Finnair,618,FALSE,FALSE
339,340,5827,28-11-2018,9:30:00 AM,ENS,28-11-2018,11:00:00 AM,RTM,Finnair,583,FALSE,TRUE
340,341,2311,26-11-2018,9:30:00 AM,RTM,26-11-2018,10:30:00 AM,GRQ,Finnair,547,TRUE,FALSE
341,342,1643,27-11-2018,3:50:00 PM,RTM,27-11-2018,5:50:00 PM,MST,Finnair,993,FALSE,FALSE
342,343,9698,23-11-2018,3:40:00 PM,AMS,23-11-2018,6:40:00 PM,ENS,Finnair,287,FALSE,FALSE
343,344,3880,23-11-2018,4:00:00 PM,MST,23-11-2018,5:40:00 PM,RTM,Finnair,271,TRUE,FALSE
344,345,8106,24-11-2018,1:00:00 PM,LEY,24-11-2018,4:30:00 PM,EIN,Finnair,943,TRUE,TRUE
345,346,8377,28-11-2018,3:00:00 PM,AMS,28-11-2018,6:30:00 PM,ENS,Finnair,633,TRUE,FALSE
346,347,6019,26-11-2018,5:20:00 AM,ENS,26-11-2018,6:40:00 AM,RTM,Finnair,395,TRUE,FALSE
347,348,9170,25-11-2018,10:50:00 AM,RTM,25-11-2018,11:30:00 AM,EIN,Finnair,746,TRUE,TRUE
348,349,8357,24-11-2018,7:50:00 AM,MST,24-11-2018,8:50:00 AM,AMS,Finnair,249,FALSE,FALSE
349,350,1149,29-11-2018,9:50:00 AM,LEY,29-11-2018,12:40:00 PM,MST,Finnair,891,FALSE,TRUE
350,351,1206,30-11-2018,2:40:00 PM,ENS,30-11-2018,5:10:00 PM,AMS,Finnair,601,TRUE,TRUE
351,352,4451,25-11-2018,10:30:00 AM,AMS,25-11-2018,12:20:00 PM,MST,Finnair,222,FALSE,FALSE
352,353,3576,29-11-2018,1:30:00 PM,AMS,29-11-2018,4:20:00 PM,EIN,Finnair,598,FALSE,TRUE
353,354,1721,23-11-2018,5:20:00 AM,EIN,23-11-2018,7:20:00 AM,AMS,Finnair,658,FALSE,TRUE
354,355,8564,25-11-2018,7:00:00 AM,AMS,25-11-2018,8:20:00 AM,GRQ,Finnair,513,FALSE,FALSE
355,356,7975,28-11-2018,5:50:00 AM,LEY,28-11-2018,8:50:00 AM,EIN,Finnair,56,FALSE,TRUE
356,357,7693,29-11-2018,10:50:00 AM,ENS,29-11-2018,11:10:00 AM,MST,Finnair,745,TRUE,TRUE
357,358,6471,23-11-2018,8:50:00 AM,MST,23-11-2018,11:30:00 AM,GRQ,Finnair,928,TRUE,FALSE
358,359,6411,28-11-2018,9:30:00 AM,ENS,28-11-2018,12:40:00 PM,ENS,Finnair,482,TRUE,TRUE
359,360,2525,29-11-2018,9:20:00 AM,GRQ,29-11-2018,12:10:00 PM,GRQ,Finnair,621,FALSE,FALSE
360,361,5455,29-11-2018,6:10:00 PM,ENS,29-11-2018,7:30:00 PM,RTM,Finnair,313,TRUE,TRUE
361,362,1678,30-11-2018,12:50:00 PM,LEY,30-11-2018,3:20:00 PM,GRQ,Finnair,994,TRUE,FALSE
362,363,7995,29-11-2018,4:10:00 AM,ENS,29-11-2018,7:10:00 AM,ENS,Finnair,590,TRUE,FALSE
363,364,9131,23-11-2018,10:10:00 AM,AMS,23-11-2018,12:40:00 PM,ENS,Finnair,359,TRUE,FALSE
364,365,7864,23-11-2018,2:30:00 AM,MST,23-11-2018,5:20:00 AM,LEY,Finnair,682,TRUE,TRUE
365,366,4698,29-11-2018,7:50:00 AM,EIN,29-11-2018,8:50:00 AM,GRQ,Finnair,337,TRUE,TRUE
366,367,2349,29-11-2018,2:10:00 AM,AMS,29-11-2018,5:20:00 AM,GRQ,Finnair,924,FALSE,FALSE
367,368,9743,24-11-2018,11:00:00 AM,RTM,24-11-2018,2:40:00 PM,ENS,Finnair,874,TRUE,FALSE
368,369,1941,25-11-2018,6:20:00 AM,RTM,25-11-2018,9:00:00 AM,ENS,Finnair,153,FALSE,TRUE
369,370,8487,29-11-2018,6:40:00 AM,EIN,29-11-2018,7:40:00 AM,AMS,Finnair,607,TRUE,FALSE
370,371,4379,23-11-2018,7:30:00 PM,MST,23-11-2018,9:00:00 PM,AMS,Finnair,723,FALSE,FALSE
371,372,1548,30-11-2018,6:10:00 PM,LEY,30-11-2018,9:40:00 PM,RTM,Finnair,507,FALSE,FALSE
372,373,8603,23-11-2018,3:40:00 PM,GRQ,23-11-2018,4:50:00 PM,EIN,Finnair,994,FALSE,FALSE
373,374,1914,30-11-2018,6:10:00 PM,ENS,30-11-2018,8:00:00 PM,GRQ,Finnair,458,TRUE,FALSE
374,375,1832,23-11-2018,3:00:00 PM,LEY,23-11-2018,4:10:00 PM,EIN,Finnair,595,FALSE,TRUE
375,376,3112,25-11-2018,3:00:00 PM,LEY,25-11-2018,6:10:00 PM,LEY,Finnair,576,TRUE,TRUE
376,377,8582,27-11-2018,3:30:00 AM,AMS,27-11-2018,4:00:00 AM,EIN,Finnair,525,FALSE,FALSE
377,378,2488,29-11-2018,12:00:00 PM,AMS,29-11-2018,1:20:00 PM,RTM,Finnair,768,TRUE,FALSE
378,379,6658,24-11-2018,7:30:00 AM,LEY,24-11-2018,10:50:00 AM,ENS,Finnair,437,TRUE,FALSE
379,380,3903,23-11-2018,6:00:00 PM,AMS,23-11-2018,7:50:00 PM,ENS,Finnair,581,FALSE,TRUE
380,381,1060,25-11-2018,2:40:00 AM,MST,25-11-2018,3:00:00 AM,LEY,Finnair,515,FALSE,TRUE
381,382,1801,28-11-2018,6:00:00 AM,RTM,28-11-2018,9:10:00 AM,RTM,Finnair,199,TRUE,TRUE
382,383,6952,28-11-2018,7:20:00 PM,ENS,28-11-2018,10:10:00 PM,LEY,Finnair,133,TRUE,TRUE
383,384,9949,24-11-2018,6:50:00 AM,RTM,24-11-2018,9:30:00 AM,MST,Finnair,261,FALSE,FALSE
384,385,5656,29-11-2018,9:30:00 AM,ENS,29-11-2018,10:20:00 AM,EIN,Finnair,561,TRUE,FALSE
385,386,7693,23-11-2018,9:40:00 AM,MST,23-11-2018,12:40:00 PM,ENS,Finnair,810,TRUE,TRUE
386,387,3897,26-11-2018,6:40:00 AM,EIN,26-11-2018,7:20:00 AM,ENS,Finnair,471,FALSE,FALSE
387,388,9943,30-11-2018,11:00:00 AM,EIN,30-11-2018,12:00:00 PM,MST,Finnair,459,TRUE,FALSE
388,389,8732,27-11-2018,8:30:00 AM,AMS,27-11-2018,11:20:00 AM,ENS,Finnair,176,TRUE,TRUE
389,390,6067,28-11-2018,3:50:00 AM,ENS,28-11-2018,6:40:00 AM,MST,Finnair,914,TRUE,TRUE
390,391,7438,27-11-2018,8:00:00 AM,MST,27-11-2018,11:50:00 AM,EIN,Finnair,206,TRUE,FALSE
391,392,1941,27-11-2018,5:10:00 PM,AMS,27-11-2018,6:10:00 PM,RTM,Finnair,541,FALSE,TRUE
392,393,3755,25-11-2018,3:40:00 AM,ENS,25-11-2018,5:50:00 AM,RTM,Finnair,969,TRUE,TRUE
393,394,1718,23-11-2018,6:50:00 PM,RTM,23-11-2018,7:20:00 PM,MST,Finnair,376,FALSE,TRUE
394,395,7402,24-11-2018,4:50:00 AM,AMS,24-11-2018,5:50:00 AM,EIN,Finnair,989,TRUE,TRUE
395,396,5386,26-11-2018,10:40:00 AM,MST,26-11-2018,1:30:00 PM,GRQ,Finnair,538,FALSE,TRUE
396,397,1278,29-11-2018,4:30:00 AM,LEY,29-11-2018,6:30:00 AM,MST,Finnair,804,TRUE,FALSE
397,398,2786,24-11-2018,2:20:00 AM,GRQ,24-11-2018,4:30:00 AM,GRQ,Finnair,128,TRUE,TRUE
398,399,1566,25-11-2018,1:20:00 AM,MST,25-11-2018,4:50:00 AM,AMS,Finnair,445,FALSE,FALSE
399,400,5466,24-11-2018,8:20:00 AM,GRQ,24-11-2018,10:20:00 AM,EIN,Finnair,229,TRUE,FALSE
400,401,2108,28-11-2018,3:50:00 PM,ENS,28-11-2018,5:00:00 PM,MST,Finnair,53,TRUE,TRUE
401,402,9796,26-11-2018,7:20:00 AM,RTM,26-11-2018,9:00:00 AM,ENS,Finnair,648,FALSE,TRUE
402,403,9361,23-11-2018,3:10:00 PM,ENS,23-11-2018,4:30:00 PM,EIN,Finnair,634,TRUE,FALSE
403,404,3071,24-11-2018,2:00:00 AM,GRQ,24-11-2018,3:10:00 AM,ENS,Finnair,906,FALSE,FALSE
404,405,4448,26-11-2018,3:10:00 PM,EIN,26-11-2018,4:30:00 PM,RTM,Finnair,852,FALSE,TRUE
405,406,5773,24-11-2018,12:00:00 PM,EIN,24-11-2018,1:30:00 PM,AMS,Finnair,910,TRUE,FALSE
406,407,3481,26-11-2018,10:30:00 AM,RTM,26-11-2018,11:20:00 AM,LEY,Finnair,880,TRUE,TRUE
407,408,5034,30-11-2018,4:20:00 PM,LEY,30-11-2018,7:00:00 PM,LEY,Finnair,284,FALSE,TRUE
408,409,6315,27-11-2018,5:40:00 PM,EIN,27-11-2018,6:50:00 PM,EIN,Finnair,888,FALSE,FALSE
409,410,8216,26-11-2018,1:10:00 PM,ENS,26-11-2018,2:20:00 PM,MST,Finnair,926,FALSE,FALSE
410,411,1214,25-11-2018,10:20:00 AM,AMS,25-11-2018,11:30:00 AM,RTM,Finnair,229,TRUE,FALSE
411,412,9759,23-11-2018,1:50:00 PM,ENS,23-11-2018,4:00:00 PM,AMS,Finnair,49,FALSE,FALSE
412,413,4303,29-11-2018,12:40:00 PM,GRQ,29-11-2018,2:10:00 PM,MST,Finnair,624,TRUE,TRUE
413,414,6003,29-11-2018,2:30:00 AM,GRQ,29-11-2018,4:30:00 AM,EIN,Finnair,489,TRUE,FALSE
414,415,9856,27-11-2018,8:50:00 AM,ENS,27-11-2018,11:30:00 AM,AMS,Finnair,772,FALSE,TRUE
415,416,4337,29-11-2018,7:30:00 AM,ENS,29-11-2018,10:00:00 AM,MST,Finnair,877,TRUE,TRUE
416,417,7185,24-11-2018,3:20:00 PM,ENS,24-11-2018,4:00:00 PM,MST,Finnair,356,TRUE,TRUE
417,418,4454,25-11-2018,1:10:00 PM,ENS,25-11-2018,2:30:00 PM,RTM,Finnair,892,FALSE,TRUE
418,419,6301,23-11-2018,3:10:00 AM,ENS,23-11-2018,6:40:00 AM,MST,Finnair,831,FALSE,TRUE
419,420,9916,28-11-2018,12:40:00 PM,LEY,28-11-2018,1:50:00 PM,EIN,Finnair,458,FALSE,TRUE
420,421,3529,28-11-2018,4:40:00 AM,GRQ,28-11-2018,5:50:00 AM,RTM,Finnair,509,FALSE,FALSE
421,422,3632,23-11-2018,7:00:00 AM,LEY,23-11-2018,8:50:00 AM,LEY,Finnair,227,FALSE,FALSE
422,423,4046,23-11-2018,3:50:00 PM,AMS,23-11-2018,5:00:00 PM,LEY,Finnair,476,TRUE,FALSE
423,424,7108,23-11-2018,12:30:00 PM,LEY,23-11-2018,2:50:00 PM,EIN,Finnair,906,TRUE,FALSE
424,425,6670,29-11-2018,6:20:00 AM,EIN,29-11-2018,9:00:00 AM,RTM,Finnair,500,TRUE,TRUE
425,426,9315,25-11-2018,2:40:00 PM,LEY,25-11-2018,4:40:00 PM,AMS,KLM,674,FALSE,FALSE
426,427,9717,25-11-2018,4:40:00 AM,GRQ,25-11-2018,6:40:00 AM,GRQ,KLM,106,FALSE,FALSE
427,428,7746,28-11-2018,8:50:00 AM,RTM,28-11-2018,11:00:00 AM,GRQ,KLM,746,TRUE,FALSE
428,429,7699,27-11-2018,11:00:00 AM,MST,27-11-2018,2:50:00 PM,MST,KLM,586,TRUE,FALSE
429,430,9521,26-11-2018,2:00:00 PM,AMS,26-11-2018,4:10:00 PM,GRQ,KLM,464,FALSE,TRUE
430,431,4498,29-11-2018,5:20:00 PM,GRQ,29-11-2018,6:30:00 PM,GRQ,KLM,898,FALSE,FALSE
431,432,4189,26-11-2018,7:00:00 PM,RTM,26-11-2018,8:50:00 PM,EIN,KLM,414,TRUE,TRUE
432,433,9212,23-11-2018,9:00:00 AM,LEY,23-11-2018,11:30:00 AM,MST,KLM,182,TRUE,TRUE
433,434,1077,27-11-2018,4:50:00 AM,ENS,27-11-2018,7:10:00 AM,LEY,KLM,522,TRUE,FALSE
434,435,5849,27-11-2018,5:30:00 PM,ENS,27-11-2018,8:10:00 PM,GRQ,KLM,71,FALSE,FALSE
435,436,1360,29-11-2018,12:30:00 PM,LEY,29-11-2018,1:30:00 PM,EIN,KLM,684,FALSE,FALSE
436,437,3138,27-11-2018,10:10:00 AM,EIN,27-11-2018,12:00:00 PM,ENS,KLM,542,FALSE,FALSE
437,438,4712,28-11-2018,11:10:00 AM,RTM,28-11-2018,12:40:00 PM,MST,KLM,666,FALSE,FALSE
438,439,2025,27-11-2018,6:30:00 PM,MST,27-11-2018,8:20:00 PM,ENS,KLM,340,TRUE,FALSE
439,440,5195,28-11-2018,4:10:00 AM,MST,28-11-2018,7:00:00 AM,MST,KLM,327,FALSE,FALSE
440,441,6255,24-11-2018,3:40:00 PM,LEY,24-11-2018,4:00:00 PM,ENS,KLM,536,TRUE,FALSE
441,442,7852,30-11-2018,6:00:00 PM,AMS,30-11-2018,8:40:00 PM,GRQ,KLM,41,TRUE,TRUE
442,443,6648,30-11-2018,4:20:00 AM,AMS,30-11-2018,6:10:00 AM,EIN,KLM,632,TRUE,TRUE
443,444,4371,28-11-2018,10:50:00 AM,EIN,28-11-2018,1:50:00 PM,AMS,KLM,319,TRUE,FALSE
444,445,8721,29-11-2018,5:20:00 AM,EIN,29-11-2018,8:30:00 AM,ENS,KLM,118,TRUE,FALSE
445,446,9596,27-11-2018,6:40:00 PM,LEY,27-11-2018,8:10:00 PM,ENS,KLM,138,TRUE,FALSE
446,447,7972,25-11-2018,10:00:00 AM,GRQ,25-11-2018,11:00:00 AM,EIN,KLM,530,TRUE,TRUE
447,448,2707,23-11-2018,4:50:00 AM,AMS,23-11-2018,7:20:00 AM,EIN,KLM,850,TRUE,TRUE
448,449,8873,24-11-2018,1:30:00 AM,EIN,24-11-2018,3:10:00 AM,LEY,KLM,98,FALSE,TRUE
449,450,9002,27-11-2018,5:20:00 PM,LEY,27-11-2018,7:20:00 PM,ENS,KLM,914,FALSE,FALSE
450,451,9237,28-11-2018,10:00:00 AM,AMS,28-11-2018,1:20:00 PM,LEY,KLM,959,FALSE,FALSE
451,452,8835,24-11-2018,9:50:00 AM,MST,24-11-2018,11:10:00 AM,RTM,KLM,329,FALSE,FALSE
452,453,9726,25-11-2018,4:20:00 PM,ENS,25-11-2018,5:10:00 PM,EIN,KLM,100,TRUE,TRUE
453,454,5659,30-11-2018,5:00:00 PM,MST,30-11-2018,7:20:00 PM,EIN,KLM,57,TRUE,TRUE
454,455,9978,28-11-2018,6:30:00 PM,EIN,28-11-2018,7:50:00 PM,LEY,KLM,366,FALSE,FALSE
455,456,4824,27-11-2018,10:20:00 AM,ENS,27-11-2018,12:50:00 PM,GRQ,KLM,678,FALSE,TRUE
456,457,1527,25-11-2018,2:50:00 PM,ENS,25-11-2018,5:20:00 PM,ENS,KLM,772,FALSE,TRUE
457,458,3569,29-11-2018,5:40:00 AM,ENS,29-11-2018,7:00:00 AM,RTM,KLM,929,TRUE,FALSE
458,459,8812,25-11-2018,6:50:00 PM,MST,25-11-2018,8:30:00 PM,MST,KLM,528,TRUE,FALSE
459,460,3099,23-11-2018,1:10:00 PM,ENS,23-11-2018,3:30:00 PM,ENS,KLM,981,FALSE,FALSE
460,461,8594,24-11-2018,6:50:00 AM,AMS,24-11-2018,7:00:00 AM,ENS,KLM,377,FALSE,FALSE
461,462,3441,25-11-2018,1:30:00 PM,ENS,25-11-2018,4:00:00 PM,GRQ,KLM,998,TRUE,FALSE
462,463,1618,25-11-2018,3:20:00 PM,AMS,25-11-2018,4:40:00 PM,RTM,KLM,334,FALSE,TRUE
463,464,9580,26-11-2018,1:40:00 AM,RTM,26-11-2018,2:50:00 AM,ENS,KLM,59,TRUE,FALSE
464,465,5676,28-11-2018,3:50:00 PM,ENS,28-11-2018,4:50:00 PM,GRQ,KLM,934,TRUE,TRUE
465,466,5261,28-11-2018,2:40:00 PM,EIN,28-11-2018,4:10:00 PM,LEY,KLM,292,TRUE,FALSE
466,467,3767,26-11-2018,2:40:00 PM,LEY,26-11-2018,5:00:00 PM,EIN,KLM,256,FALSE,TRUE
467,468,6709,23-11-2018,7:30:00 AM,RTM,23-11-2018,8:00:00 AM,LEY,KLM,702,TRUE,TRUE
468,469,8350,24-11-2018,11:40:00 AM,MST,24-11-2018,2:00:00 PM,MST,KLM,191,FALSE,FALSE
469,470,1882,30-11-2018,11:20:00 AM,AMS,30-11-2018,12:20:00 PM,RTM,KLM,473,FALSE,FALSE
470,471,2800,25-11-2018,7:30:00 PM,GRQ,25-11-2018,10:10:00 PM,AMS,KLM,670,TRUE,TRUE
471,472,3689,26-11-2018,7:30:00 AM,RTM,26-11-2018,8:30:00 AM,RTM,KLM,265,TRUE,FALSE
472,473,3306,23-11-2018,12:30:00 PM,MST,23-11-2018,1:00:00 PM,ENS,KLM,681,TRUE,FALSE
473,474,6425,24-11-2018,6:10:00 PM,ENS,24-11-2018,9:40:00 PM,GRQ,KLM,359,FALSE,TRUE
474,475,2993,27-11-2018,6:00:00 AM,ENS,27-11-2018,9:00:00 AM,EIN,KLM,859,FALSE,FALSE
475,476,3805,26-11-2018,1:40:00 PM,MST,26-11-2018,2:30:00 PM,LEY,KLM,263,FALSE,FALSE
476,477,8286,23-11-2018,1:30:00 AM,MST,23-11-2018,4:10:00 AM,MST,KLM,523,FALSE,TRUE
477,478,8320,29-11-2018,5:00:00 AM,GRQ,29-11-2018,7:00:00 AM,AMS,KLM,927,TRUE,TRUE
478,479,5530,26-11-2018,7:50:00 PM,LEY,26-11-2018,10:20:00 PM,AMS,KLM,604,TRUE,TRUE
479,480,5558,27-11-2018,2:50:00 AM,AMS,27-11-2018,4:40:00 AM,MST,KLM,460,FALSE,TRUE
480,481,7201,25-11-2018,6:40:00 PM,ENS,25-11-2018,7:10:00 PM,RTM,KLM,882,TRUE,TRUE
481,482,5822,26-11-2018,9:30:00 AM,AMS,26-11-2018,10:20:00 AM,MST,KLM,284,TRUE,TRUE
482,483,4858,27-11-2018,1:40:00 PM,AMS,27-11-2018,2:00:00 PM,LEY,KLM,657,TRUE,TRUE
483,484,2757,28-11-2018,11:00:00 AM,MST,28-11-2018,2:30:00 PM,AMS,KLM,881,TRUE,TRUE
484,485,4131,23-11-2018,1:20:00 AM,AMS,23-11-2018,3:50:00 AM,MST,KLM,48,TRUE,TRUE
485,486,5854,25-11-2018,4:40:00 PM,ENS,25-11-2018,5:50:00 PM,LEY,KLM,156,FALSE,TRUE
486,487,4981,25-11-2018,3:00:00 PM,ENS,25-11-2018,4:00:00 PM,EIN,KLM,978,TRUE,FALSE
487,488,7275,26-11-2018,2:20:00 PM,LEY,26-11-2018,3:00:00 PM,MST,KLM,757,TRUE,TRUE
488,489,7751,30-11-2018,6:20:00 AM,EIN,30-11-2018,8:20:00 AM,RTM,KLM,598,FALSE,FALSE
489,490,5534,23-11-2018,6:50:00 AM,LEY,23-11-2018,9:10:00 AM,EIN,KLM,219,FALSE,FALSE
490,491,9479,30-11-2018,3:20:00 PM,MST,30-11-2018,4:50:00 PM,LEY,KLM,511,TRUE,FALSE
491,492,6817,23-11-2018,6:20:00 AM,RTM,23-11-2018,7:20:00 AM,LEY,KLM,402,TRUE,TRUE
492,493,7087,23-11-2018,11:30:00 AM,GRQ,23-11-2018,2:50:00 PM,EIN,KLM,319,TRUE,FALSE
493,494,2789,23-11-2018,2:00:00 PM,ENS,23-11-2018,5:10:00 PM,LEY,KLM,751,TRUE,TRUE
494,495,4466,30-11-2018,2:40:00 PM,RTM,30-11-2018,5:40:00 PM,RTM,KLM,807,FALSE,TRUE
495,496,7603,26-11-2018,2:50:00 PM,MST,26-11-2018,3:10:00 PM,RTM,KLM,832,TRUE,FALSE
496,497,1467,23-11-2018,4:30:00 PM,RTM,23-11-2018,6:00:00 PM,AMS,KLM,734,TRUE,FALSE
497,498,6203,25-11-2018,1:10:00 AM,MST,25-11-2018,2:20:00 AM,GRQ,KLM,327,TRUE,FALSE
498,499,4443,26-11-2018,2:30:00 AM,ENS,26-11-2018,3:50:00 AM,AMS,KLM,349,FALSE,TRUE
499,500,5385,24-11-2018,1:30:00 PM,ENS,24-11-2018,4:10:00 PM,LEY,KLM,234,FALSE,TRUE
500,501,1890,25-11-2018,3:30:00 PM,MST,25-11-2018,5:40:00 PM,RTM,KLM,223,TRUE,TRUE
501,502,4223,26-11-2018,3:30:00 AM,ENS,26-11-2018,5:10:00 AM,MST,KLM,909,TRUE,TRUE
502,503,5725,29-11-2018,7:40:00 AM,AMS,29-11-2018,10:00:00 AM,GRQ,KLM,330,TRUE,FALSE
503,504,8507,25-11-2018,4:30:00 PM,GRQ,25-11-2018,6:30:00 PM,ENS,KLM,137,TRUE,FALSE
504,505,2468,26-11-2018,11:40:00 AM,LEY,26-11-2018,1:10:00 PM,LEY,KLM,130,TRUE,TRUE
505,506,6461,30-11-2018,5:10:00 AM,EIN,30-11-2018,6:50:00 AM,EIN,KLM,877,TRUE,TRUE
506,507,7589,30-11-2018,4:30:00 AM,RTM,30-11-2018,7:10:00 AM,GRQ,KLM,573,FALSE,FALSE
507,508,9879,24-11-2018,6:40:00 PM,GRQ,24-11-2018,7:40:00 PM,GRQ,KLM,376,FALSE,TRUE
508,509,6433,26-11-2018,10:50:00 AM,EIN,26-11-2018,1:20:00 PM,LEY,KLM,791,TRUE,TRUE
509,510,8734,29-11-2018,2:00:00 PM,LEY,29-11-2018,5:40:00 PM,AMS,KLM,806,FALSE,TRUE
510,511,8255,26-11-2018,3:00:00 AM,LEY,26-11-2018,5:00:00 AM,GRQ,KLM,47,TRUE,FALSE
511,512,1564,27-11-2018,2:30:00 PM,ENS,27-11-2018,4:20:00 PM,ENS,KLM,449,TRUE,FALSE
512,513,5108,27-11-2018,12:20:00 PM,EIN,27-11-2018,1:40:00 PM,GRQ,KLM,64,FALSE,FALSE
513,514,3778,25-11-2018,7:40:00 AM,AMS,25-11-2018,10:00:00 AM,LEY,KLM,198,FALSE,TRUE
514,515,8742,23-11-2018,7:50:00 AM,LEY,23-11-2018,10:00:00 AM,LEY,KLM,480,TRUE,FALSE
515,516,2672,27-11-2018,7:40:00 PM,EIN,27-11-2018,10:50:00 PM,ENS,KLM,964,TRUE,TRUE
516,517,1065,28-11-2018,8:20:00 AM,ENS,28-11-2018,9:10:00 AM,RTM,KLM,870,FALSE,TRUE
517,518,4942,29-11-2018,5:30:00 AM,RTM,29-11-2018,6:50:00 AM,MST,KLM,321,TRUE,TRUE
518,519,4681,23-11-2018,7:10:00 AM,GRQ,23-11-2018,10:00:00 AM,ENS,KLM,48,FALSE,TRUE
519,520,7163,24-11-2018,7:00:00 AM,MST,24-11-2018,10:50:00 AM,ENS,KLM,851,FALSE,TRUE
520,521,7754,26-11-2018,4:10:00 AM,AMS,26-11-2018,5:50:00 AM,EIN,KLM,860,FALSE,FALSE
521,522,5746,27-11-2018,9:50:00 AM,LEY,27-11-2018,11:20:00 AM,EIN,KLM,202,TRUE,FALSE
522,523,7230,30-11-2018,4:00:00 PM,RTM,30-11-2018,5:20:00 PM,RTM,KLM,738,FALSE,TRUE
523,524,3890,26-11-2018,6:00:00 PM,GRQ,26-11-2018,8:30:00 PM,AMS,KLM,145,FALSE,FALSE
524,525,1958,24-11-2018,4:40:00 PM,RTM,24-11-2018,5:20:00 PM,RTM,KLM,991,TRUE,FALSE
525,526,1853,25-11-2018,3:10:00 PM,LEY,25-11-2018,4:10:00 PM,GRQ,KLM,350,TRUE,FALSE
526,527,3932,27-11-2018,1:30:00 AM,ENS,27-11-2018,4:20:00 AM,EIN,KLM,911,FALSE,TRUE
527,528,9832,27-11-2018,4:30:00 AM,LEY,27-11-2018,7:00:00 AM,AMS,KLM,681,FALSE,FALSE
528,529,2979,25-11-2018,7:00:00 AM,GRQ,25-11-2018,8:20:00 AM,EIN,KLM,711,FALSE,TRUE
529,530,9492,24-11-2018,3:40:00 AM,AMS,24-11-2018,4:10:00 AM,MST,KLM,910,FALSE,TRUE
530,531,9963,25-11-2018,12:30:00 PM,GRQ,25-11-2018,2:50:00 PM,ENS,KLM,79,TRUE,TRUE
531,532,9591,27-11-2018,7:00:00 PM,MST,27-11-2018,9:00:00 PM,RTM,KLM,99,TRUE,FALSE
532,533,8347,30-11-2018,5:00:00 AM,RTM,30-11-2018,6:30:00 AM,MST,KLM,193,FALSE,TRUE
533,534,9247,30-11-2018,6:40:00 PM,LEY,30-11-2018,9:20:00 PM,RTM,KLM,879,FALSE,TRUE
534,535,7398,27-11-2018,8:20:00 AM,RTM,27-11-2018,9:00:00 AM,ENS,KLM,362,FALSE,FALSE
535,536,5076,30-11-2018,11:30:00 AM,MST,30-11-2018,12:30:00 PM,MST,KLM,970,FALSE,FALSE
536,537,8232,30-11-2018,12:40:00 PM,EIN,30-11-2018,1:10:00 PM,GRQ,KLM,641,TRUE,FALSE
537,538,1071,26-11-2018,2:00:00 AM,ENS,26-11-2018,3:10:00 AM,ENS,KLM,589,TRUE,TRUE
538,539,2555,25-11-2018,2:50:00 PM,EIN,25-11-2018,4:20:00 PM,ENS,KLM,467,TRUE,FALSE
539,540,3666,29-11-2018,8:40:00 AM,LEY,29-11-2018,9:00:00 AM,LEY,KLM,844,FALSE,FALSE
540,541,3857,23-11-2018,1:50:00 AM,LEY,23-11-2018,3:30:00 AM,ENS,KLM,192,TRUE,FALSE
541,542,8696,24-11-2018,6:10:00 AM,GRQ,24-11-2018,7:40:00 AM,MST,KLM,353,FALSE,TRUE
542,543,8165,25-11-2018,7:40:00 PM,LEY,25-11-2018,10:30:00 PM,AMS,KLM,970,FALSE,FALSE
543,544,5461,26-11-2018,3:40:00 AM,ENS,26-11-2018,6:00:00 AM,MST,KLM,173,FALSE,TRUE
544,545,4862,27-11-2018,4:00:00 PM,LEY,27-11-2018,7:20:00 PM,AMS,KLM,725,TRUE,FALSE
545,546,2693,30-11-2018,7:50:00 PM,LEY,30-11-2018,9:50:00 PM,ENS,KLM,943,TRUE,TRUE
546,547,6029,30-11-2018,2:40:00 PM,MST,30-11-2018,4:10:00 PM,MST,KLM,182,TRUE,FALSE
547,548,7149,27-11-2018,4:10:00 AM,GRQ,27-11-2018,5:30:00 AM,GRQ,KLM,148,FALSE,TRUE
548,549,1609,30-11-2018,3:50:00 PM,ENS,30-11-2018,5:20:00 PM,RTM,KLM,190,FALSE,FALSE
549,550,8241,30-11-2018,3:20:00 PM,RTM,30-11-2018,4:30:00 PM,MST,KLM,728,FALSE,TRUE
550,551,4175,30-11-2018,1:50:00 AM,AMS,30-11-2018,2:00:00 AM,ENS,KLM,489,FALSE,TRUE
551,552,8453,29-11-2018,11:40:00 AM,GRQ,29-11-2018,2:30:00 PM,LEY,KLM,54,TRUE,TRUE
552,553,8152,26-11-2018,4:30:00 AM,LEY,26-11-2018,7:30:00 AM,ENS,KLM,116,TRUE,FALSE
553,554,4547,25-11-2018,9:10:00 AM,GRQ,25-11-2018,12:00:00 PM,AMS,KLM,688,TRUE,FALSE
554,555,3683,23-11-2018,2:10:00 PM,LEY,23-11-2018,4:40:00 PM,AMS,KLM,434,FALSE,TRUE
555,556,9059,27-11-2018,7:10:00 AM,ENS,27-11-2018,9:20:00 AM,AMS,KLM,196,FALSE,TRUE
556,557,1334,27-11-2018,9:50:00 AM,GRQ,27-11-2018,12:20:00 PM,GRQ,KLM,105,FALSE,FALSE
557,558,5191,26-11-2018,10:30:00 AM,ENS,26-11-2018,1:40:00 PM,ENS,KLM,710,TRUE,FALSE
558,559,4847,29-11-2018,2:00:00 PM,AMS,29-11-2018,4:30:00 PM,ENS,KLM,199,TRUE,FALSE
559,560,2877,28-11-2018,4:10:00 AM,ENS,28-11-2018,7:00:00 AM,ENS,KLM,730,FALSE,FALSE
560,561,4714,23-11-2018,1:10:00 PM,RTM,23-11-2018,4:30:00 PM,LEY,KLM,944,FALSE,TRUE
561,562,8394,24-11-2018,3:50:00 PM,LEY,24-11-2018,4:50:00 PM,ENS,KLM,41,TRUE,TRUE
562,563,4458,30-11-2018,5:00:00 AM,ENS,30-11-2018,6:50:00 AM,AMS,KLM,840,TRUE,TRUE
563,564,1104,26-11-2018,2:00:00 PM,ENS,26-11-2018,4:50:00 PM,ENS,KLM,913,FALSE,TRUE
564,565,4129,27-11-2018,7:20:00 AM,GRQ,27-11-2018,10:40:00 AM,RTM,KLM,89,FALSE,TRUE
565,566,4840,27-11-2018,2:50:00 PM,RTM,27-11-2018,5:50:00 PM,RTM,KLM,173,FALSE,TRUE
566,567,4680,23-11-2018,1:40:00 PM,AMS,23-11-2018,3:10:00 PM,GRQ,KLM,410,FALSE,FALSE
567,568,7429,24-11-2018,3:40:00 PM,LEY,24-11-2018,5:10:00 PM,ENS,KLM,688,TRUE,TRUE
568,569,1060,24-11-2018,6:30:00 AM,EIN,24-11-2018,8:00:00 AM,GRQ,KLM,592,TRUE,FALSE
569,570,1125,23-11-2018,4:50:00 AM,ENS,23-11-2018,6:10:00 AM,RTM,KLM,479,TRUE,FALSE
570,571,2951,27-11-2018,9:30:00 AM,AMS,27-11-2018,10:40:00 AM,EIN,KLM,199,TRUE,FALSE
571,572,2598,25-11-2018,8:40:00 AM,LEY,25-11-2018,11:20:00 AM,RTM,KLM,546,FALSE,FALSE
572,573,4435,29-11-2018,1:50:00 PM,LEY,29-11-2018,2:40:00 PM,AMS,KLM,328,FALSE,TRUE
573,574,3108,26-11-2018,4:50:00 PM,AMS,26-11-2018,6:40:00 PM,GRQ,KLM,647,TRUE,TRUE
574,575,8456,27-11-2018,2:20:00 PM,GRQ,27-11-2018,5:20:00 PM,LEY,KLM,758,TRUE,TRUE
575,576,9948,25-11-2018,3:50:00 AM,EIN,25-11-2018,4:50:00 AM,RTM,KLM,980,FALSE,TRUE
576,577,5880,30-11-2018,3:30:00 AM,ENS,30-11-2018,4:00:00 AM,LEY,KLM,955,TRUE,TRUE
577,578,2189,29-11-2018,7:50:00 AM,MST,29-11-2018,10:40:00 AM,RTM,KLM,447,FALSE,TRUE
578,579,6844,27-11-2018,12:20:00 PM,LEY,27-11-2018,1:20:00 PM,GRQ,KLM,840,FALSE,FALSE
579,580,1034,25-11-2018,1:00:00 AM,LEY,25-11-2018,4:50:00 AM,RTM,KLM,230,TRUE,TRUE
580,581,4734,23-11-2018,3:30:00 PM,GRQ,23-11-2018,6:00:00 PM,AMS,KLM,143,FALSE,TRUE
581,582,8230,26-11-2018,1:50:00 AM,GRQ,26-11-2018,4:10:00 AM,ENS,KLM,644,FALSE,FALSE
582,583,7466,25-11-2018,2:50:00 PM,LEY,25-11-2018,4:00:00 PM,ENS,KLM,371,TRUE,TRUE
583,584,2331,25-11-2018,8:30:00 AM,MST,25-11-2018,9:00:00 AM,RTM,KLM,414,TRUE,TRUE
584,585,7386,23-11-2018,2:20:00 PM,AMS,23-11-2018,4:00:00 PM,EIN,KLM,588,TRUE,TRUE
585,586,6359,26-11-2018,4:20:00 AM,ENS,26-11-2018,6:50:00 AM,MST,KLM,959,TRUE,TRUE
586,587,1035,23-11-2018,3:50:00 AM,RTM,23-11-2018,4:00:00 AM,RTM,KLM,526,TRUE,FALSE
587,588,8873,24-11-2018,6:50:00 PM,ENS,24-11-2018,9:20:00 PM,EIN,KLM,640,TRUE,TRUE
588,589,1999,27-11-2018,2:10:00 PM,LEY,27-11-2018,3:30:00 PM,LEY,KLM,602,FALSE,FALSE
589,590,8384,23-11-2018,1:50:00 PM,EIN,23-11-2018,2:20:00 PM,LEY,KLM,725,TRUE,TRUE
590,591,6106,28-11-2018,4:00:00 PM,LEY,28-11-2018,5:20:00 PM,AMS,KLM,211,FALSE,TRUE
591,592,8814,23-11-2018,5:10:00 PM,ENS,23-11-2018,8:40:00 PM,LEY,KLM,825,FALSE,FALSE
592,593,9323,29-11-2018,1:40:00 AM,MST,29-11-2018,2:20:00 AM,EIN,KLM,229,TRUE,TRUE
593,594,1238,26-11-2018,1:20:00 PM,AMS,26-11-2018,3:20:00 PM,EIN,KLM,750,FALSE,FALSE
594,595,3572,25-11-2018,12:40:00 PM,RTM,25-11-2018,2:00:00 PM,LEY,KLM,846,FALSE,TRUE
595,596,5430,23-11-2018,5:00:00 AM,GRQ,23-11-2018,7:30:00 AM,AMS,KLM,683,TRUE,FALSE
596,597,9880,26-11-2018,2:00:00 AM,GRQ,26-11-2018,3:00:00 AM,ENS,KLM,669,TRUE,TRUE
597,598,2806,27-11-2018,11:20:00 AM,MST,27-11-2018,1:20:00 PM,RTM,KLM,725,TRUE,TRUE
598,599,5840,28-11-2018,2:10:00 AM,GRQ,28-11-2018,4:50:00 AM,RTM,KLM,669,TRUE,FALSE
599,600,8709,24-11-2018,5:30:00 AM,ENS,24-11-2018,7:10:00 AM,MST,KLM,193,FALSE,FALSE
600,601,9739,26-11-2018,9:10:00 AM,GRQ,26-11-2018,12:10:00 PM,LEY,KLM,342,TRUE,FALSE
601,602,3122,24-11-2018,8:40:00 AM,LEY,24-11-2018,10:50:00 AM,MST,KLM,47,TRUE,FALSE
602,603,7519,28-11-2018,2:20:00 PM,AMS,28-11-2018,5:00:00 PM,MST,KLM,627,FALSE,FALSE
603,604,3562,30-11-2018,1:40:00 PM,RTM,30-11-2018,2:50:00 PM,MST,KLM,336,TRUE,TRUE
604,605,8282,30-11-2018,7:10:00 PM,LEY,30-11-2018,10:30:00 PM,ENS,KLM,355,TRUE,TRUE
605,606,4006,24-11-2018,4:40:00 AM,EIN,24-11-2018,5:30:00 AM,LEY,KLM,629,FALSE,TRUE
606,607,3071,25-11-2018,4:20:00 PM,GRQ,25-11-2018,6:40:00 PM,LEY,KLM,340,TRUE,TRUE
607,608,7210,26-11-2018,11:40:00 AM,RTM,26-11-2018,12:40:00 PM,MST,KLM,664,FALSE,FALSE
608,609,1633,23-11-2018,7:00:00 AM,LEY,23-11-2018,10:10:00 AM,EIN,KLM,259,TRUE,TRUE
609,610,6305,25-11-2018,1:30:00 PM,AMS,25-11-2018,2:20:00 PM,LEY,KLM,304,TRUE,FALSE
610,611,6919,26-11-2018,5:50:00 PM,LEY,26-11-2018,7:40:00 PM,AMS,KLM,409,TRUE,TRUE
611,612,1218,30-11-2018,7:50:00 PM,GRQ,30-11-2018,9:10:00 PM,LEY,KLM,953,TRUE,FALSE
612,613,9813,25-11-2018,1:10:00 AM,EIN,25-11-2018,3:30:00 AM,ENS,KLM,233,TRUE,TRUE
613,614,4739,30-11-2018,4:00:00 PM,LEY,30-11-2018,5:10:00 PM,AMS,KLM,975,FALSE,FALSE
614,615,5239,27-11-2018,5:50:00 PM,ENS,27-11-2018,8:30:00 PM,GRQ,KLM,129,FALSE,TRUE
615,616,5699,28-11-2018,6:10:00 AM,AMS,28-11-2018,7:00:00 AM,LEY,KLM,283,FALSE,TRUE
616,617,8821,23-11-2018,10:40:00 AM,MST,23-11-2018,11:40:00 AM,RTM,KLM,807,FALSE,FALSE
617,618,1478,23-11-2018,9:50:00 AM,RTM,23-11-2018,10:40:00 AM,GRQ,KLM,996,TRUE,FALSE
618,619,3839,26-11-2018,8:30:00 AM,RTM,26-11-2018,10:40:00 AM,MST,KLM,133,FALSE,FALSE
619,620,3138,30-11-2018,1:40:00 PM,MST,30-11-2018,4:00:00 PM,AMS,KLM,540,TRUE,FALSE
620,621,4307,30-11-2018,6:30:00 PM,LEY,30-11-2018,7:00:00 PM,EIN,KLM,274,TRUE,TRUE
621,622,2906,25-11-2018,8:30:00 AM,LEY,25-11-2018,11:40:00 AM,ENS,KLM,360,FALSE,FALSE
622,623,5151,25-11-2018,5:30:00 AM,EIN,25-11-2018,8:00:00 AM,RTM,KLM,60,FALSE,TRUE
623,624,3488,29-11-2018,5:00:00 PM,MST,29-11-2018,8:10:00 PM,GRQ,KLM,108,TRUE,TRUE
624,625,2188,26-11-2018,5:40:00 AM,RTM,26-11-2018,6:40:00 AM,EIN,KLM,342,FALSE,TRUE
625,626,8037,23-11-2018,3:30:00 PM,EIN,23-11-2018,6:00:00 PM,MST,KLM,423,FALSE,FALSE
626,627,3642,28-11-2018,7:10:00 AM,GRQ,28-11-2018,9:40:00 AM,EIN,KLM,320,FALSE,TRUE
627,628,9896,30-11-2018,1:50:00 PM,EIN,30-11-2018,4:40:00 PM,EIN,KLM,736,TRUE,FALSE
628,629,6113,23-11-2018,4:20:00 PM,AMS,23-11-2018,5:30:00 PM,LEY,KLM,392,TRUE,FALSE
629,630,6053,29-11-2018,7:30:00 PM,LEY,29-11-2018,9:30:00 PM,AMS,KLM,807,TRUE,FALSE
630,631,5323,25-11-2018,8:50:00 AM,LEY,25-11-2018,11:30:00 AM,ENS,KLM,364,FALSE,TRUE
631,632,5204,26-11-2018,11:10:00 AM,AMS,26-11-2018,12:50:00 PM,MST,KLM,470,TRUE,TRUE
632,633,1288,23-11-2018,1:20:00 PM,GRQ,23-11-2018,4:10:00 PM,ENS,KLM,961,TRUE,FALSE
633,634,1088,25-11-2018,4:30:00 AM,EIN,25-11-2018,6:50:00 AM,ENS,KLM,195,TRUE,FALSE
634,635,2275,27-11-2018,5:10:00 AM,RTM,27-11-2018,8:20:00 AM,EIN,KLM,532,TRUE,FALSE
635,636,5387,30-11-2018,1:50:00 AM,LEY,30-11-2018,3:40:00 AM,ENS,KLM,571,TRUE,TRUE
636,637,7750,25-11-2018,2:20:00 PM,ENS,25-11-2018,3:40:00 PM,LEY,KLM,218,TRUE,FALSE
637,638,4608,27-11-2018,5:30:00 AM,GRQ,27-11-2018,7:20:00 AM,LEY,KLM,375,TRUE,TRUE
638,639,1720,25-11-2018,2:50:00 PM,GRQ,25-11-2018,3:30:00 PM,LEY,KLM,76,FALSE,FALSE
639,640,2680,23-11-2018,7:10:00 PM,ENS,23-11-2018,9:50:00 PM,MST,KLM,465,TRUE,FALSE
640,641,4502,26-11-2018,1:50:00 PM,EIN,26-11-2018,2:10:00 PM,EIN,KLM,723,FALSE,FALSE
641,642,8145,28-11-2018,6:20:00 PM,MST,28-11-2018,7:20:00 PM,ENS,KLM,798,TRUE,TRUE
642,643,5617,29-11-2018,6:10:00 AM,MST,29-11-2018,9:50:00 AM,MST,KLM,943,TRUE,FALSE
643,644,8023,28-11-2018,4:30:00 AM,LEY,28-11-2018,7:30:00 AM,MST,KLM,737,FALSE,TRUE
644,645,2687,27-11-2018,5:20:00 PM,RTM,27-11-2018,7:10:00 PM,EIN,KLM,950,FALSE,FALSE
645,646,6104,26-11-2018,1:40:00 PM,EIN,26-11-2018,3:30:00 PM,GRQ,KLM,731,FALSE,TRUE
646,647,2329,28-11-2018,9:30:00 AM,GRQ,28-11-2018,10:30:00 AM,MST,KLM,186,FALSE,TRUE
647,648,7192,24-11-2018,8:30:00 AM,LEY,24-11-2018,9:50:00 AM,LEY,KLM,984,FALSE,TRUE
648,649,5621,28-11-2018,11:20:00 AM,AMS,28-11-2018,2:50:00 PM,GRQ,KLM,894,TRUE,FALSE
649,650,6934,27-11-2018,5:00:00 AM,LEY,27-11-2018,8:10:00 AM,LEY,KLM,264,FALSE,FALSE
650,651,6401,23-11-2018,4:10:00 PM,MST,23-11-2018,7:30:00 PM,RTM,KLM,247,TRUE,TRUE
651,652,6368,25-11-2018,11:00:00 AM,RTM,25-11-2018,12:40:00 PM,ENS,KLM,679,TRUE,FALSE
652,653,6581,25-11-2018,5:00:00 AM,EIN,25-11-2018,7:50:00 AM,RTM,KLM,805,TRUE,FALSE
653,654,2630,26-11-2018,10:20:00 AM,RTM,26-11-2018,11:50:00 AM,LEY,KLM,464,FALSE,FALSE
654,655,5892,29-11-2018,3:50:00 AM,LEY,29-11-2018,6:10:00 AM,ENS,KLM,809,TRUE,FALSE
655,656,8631,24-11-2018,1:40:00 AM,GRQ,24-11-2018,2:10:00 AM,RTM,KLM,57,FALSE,FALSE
656,657,9483,25-11-2018,1:20:00 PM,RTM,25-11-2018,2:10:00 PM,EIN,KLM,395,FALSE,TRUE
657,658,7355,28-11-2018,10:20:00 AM,GRQ,28-11-2018,11:50:00 AM,MST,KLM,253,FALSE,TRUE
658,659,2591,30-11-2018,6:00:00 PM,MST,30-11-2018,9:40:00 PM,GRQ,KLM,207,TRUE,FALSE
659,660,3576,30-11-2018,7:00:00 PM,EIN,30-11-2018,9:30:00 PM,GRQ,KLM,483,TRUE,FALSE
660,661,9058,24-11-2018,7:10:00 AM,RTM,24-11-2018,9:20:00 AM,RTM,KLM,97,FALSE,FALSE
661,662,6866,25-11-2018,10:30:00 AM,MST,25-11-2018,11:40:00 AM,ENS,KLM,307,TRUE,TRUE
662,663,2813,29-11-2018,5:10:00 AM,GRQ,29-11-2018,6:50:00 AM,AMS,KLM,611,FALSE,TRUE
663,664,3858,28-11-2018,8:40:00 AM,ENS,28-11-2018,9:20:00 AM,GRQ,KLM,195,TRUE,TRUE
664,665,2823,30-11-2018,4:30:00 PM,MST,30-11-2018,6:10:00 PM,GRQ,KLM,367,FALSE,TRUE
665,666,6543,23-11-2018,12:50:00 PM,ENS,23-11-2018,3:30:00 PM,ENS,KLM,345,FALSE,TRUE
666,667,6413,29-11-2018,5:30:00 PM,ENS,29-11-2018,8:20:00 PM,RTM,KLM,597,FALSE,TRUE
667,668,2043,24-11-2018,4:50:00 PM,MST,24-11-2018,7:50:00 PM,AMS,KLM,720,FALSE,TRUE
668,669,4540,27-11-2018,4:50:00 AM,GRQ,27-11-2018,5:20:00 AM,ENS,Air France,739,FALSE,FALSE
669,670,9142,28-11-2018,3:00:00 PM,LEY,28-11-2018,6:00:00 PM,AMS,Air France,81,TRUE,FALSE
670,671,6579,29-11-2018,7:30:00 AM,MST,29-11-2018,10:20:00 AM,GRQ,Air France,208,TRUE,TRUE
671,672,1396,23-11-2018,8:20:00 AM,ENS,23-11-2018,11:40:00 AM,MST,Air France,803,TRUE,TRUE
672,673,6361,29-11-2018,5:20:00 PM,MST,29-11-2018,7:50:00 PM,ENS,Air France,997,FALSE,TRUE
673,674,8730,28-11-2018,12:10:00 PM,GRQ,28-11-2018,1:50:00 PM,GRQ,Air France,837,TRUE,TRUE
674,675,5033,26-11-2018,5:30:00 PM,EIN,26-11-2018,8:50:00 PM,MST,Air France,774,TRUE,FALSE
675,676,4533,27-11-2018,1:00:00 AM,RTM,27-11-2018,4:40:00 AM,RTM,Air France,145,FALSE,TRUE
676,677,1216,29-11-2018,3:10:00 AM,GRQ,29-11-2018,5:00:00 AM,LEY,Air France,149,TRUE,FALSE
677,678,4261,30-11-2018,7:30:00 AM,RTM,30-11-2018,8:30:00 AM,AMS,Air France,447,TRUE,TRUE
678,679,4033,27-11-2018,5:20:00 AM,LEY,27-11-2018,7:20:00 AM,AMS,Air France,255,TRUE,TRUE
679,680,3149,30-11-2018,2:30:00 AM,EIN,30-11-2018,3:50:00 AM,EIN,Air France,273,TRUE,FALSE
680,681,1619,27-11-2018,12:40:00 PM,GRQ,27-11-2018,3:30:00 PM,MST,Air France,134,TRUE,FALSE
681,682,6017,27-11-2018,4:20:00 AM,LEY,27-11-2018,5:30:00 AM,LEY,Air France,489,FALSE,FALSE
682,683,3332,30-11-2018,5:10:00 PM,MST,30-11-2018,8:50:00 PM,LEY,Air France,538,TRUE,FALSE
683,684,1574,23-11-2018,1:10:00 AM,ENS,23-11-2018,3:00:00 AM,AMS,Air France,761,FALSE,FALSE
684,685,5375,27-11-2018,8:20:00 AM,GRQ,27-11-2018,10:10:00 AM,LEY,Air France,80,FALSE,FALSE
685,686,9872,23-11-2018,1:10:00 PM,GRQ,23-11-2018,2:50:00 PM,GRQ,Air France,303,TRUE,TRUE
686,687,8627,24-11-2018,12:30:00 PM,EIN,24-11-2018,1:50:00 PM,ENS,Air France,839,TRUE,TRUE
687,688,7355,25-11-2018,10:20:00 AM,LEY,25-11-2018,1:40:00 PM,AMS,Air France,789,TRUE,FALSE
688,689,6826,23-11-2018,3:50:00 PM,ENS,23-11-2018,6:20:00 PM,GRQ,Air France,327,TRUE,FALSE
689,690,2033,24-11-2018,8:50:00 AM,ENS,24-11-2018,10:20:00 AM,RTM,Air France,703,FALSE,FALSE
690,691,5395,28-11-2018,9:40:00 AM,LEY,28-11-2018,11:10:00 AM,MST,Air France,694,TRUE,FALSE
691,692,3054,28-11-2018,5:50:00 PM,LEY,28-11-2018,7:00:00 PM,ENS,Air France,430,TRUE,TRUE
692,693,3717,26-11-2018,2:30:00 PM,MST,26-11-2018,3:30:00 PM,LEY,Air France,712,TRUE,FALSE
693,694,4847,25-11-2018,7:00:00 AM,MST,25-11-2018,8:00:00 AM,ENS,Air France,70,TRUE,TRUE
694,695,6963,23-11-2018,12:50:00 PM,MST,23-11-2018,1:20:00 PM,MST,Air France,144,TRUE,FALSE
695,696,7870,28-11-2018,1:10:00 AM,MST,28-11-2018,4:50:00 AM,LEY,Air France,206,TRUE,FALSE
696,697,5206,29-11-2018,6:00:00 PM,EIN,29-11-2018,7:00:00 PM,LEY,Air France,459,FALSE,FALSE
697,698,2778,27-11-2018,10:10:00 AM,MST,27-11-2018,1:20:00 PM,RTM,Air France,90,FALSE,TRUE
698,699,3084,27-11-2018,5:20:00 AM,MST,27-11-2018,8:10:00 AM,RTM,Air France,140,TRUE,TRUE
699,700,8481,26-11-2018,11:00:00 AM,MST,26-11-2018,1:10:00 PM,RTM,Air France,903,TRUE,TRUE
700,701,8365,24-11-2018,4:20:00 PM,MST,24-11-2018,7:40:00 PM,LEY,Air France,670,TRUE,FALSE
701,702,1183,23-11-2018,8:40:00 AM,ENS,23-11-2018,9:00:00 AM,GRQ,Air France,699,FALSE,TRUE
702,703,9231,27-11-2018,1:50:00 AM,EIN,27-11-2018,4:20:00 AM,RTM,Air France,566,TRUE,FALSE
703,704,2095,23-11-2018,1:50:00 AM,AMS,23-11-2018,2:00:00 AM,ENS,Air France,916,TRUE,TRUE
704,705,5045,30-11-2018,3:20:00 PM,RTM,30-11-2018,6:50:00 PM,ENS,Air France,432,TRUE,TRUE
705,706,9509,25-11-2018,4:50:00 AM,GRQ,25-11-2018,7:40:00 AM,EIN,Air France,399,FALSE,FALSE
706,707,7032,28-11-2018,2:00:00 PM,EIN,28-11-2018,4:30:00 PM,ENS,Air France,191,FALSE,FALSE
707,708,7613,23-11-2018,1:00:00 AM,LEY,23-11-2018,2:40:00 AM,AMS,Air France,657,TRUE,FALSE
708,709,8304,27-11-2018,8:00:00 AM,EIN,27-11-2018,11:00:00 AM,RTM,Air France,826,TRUE,FALSE
709,710,6353,23-11-2018,3:20:00 PM,RTM,23-11-2018,4:20:00 PM,AMS,Air France,947,FALSE,FALSE
710,711,1408,27-11-2018,2:40:00 PM,ENS,27-11-2018,5:50:00 PM,RTM,Air France,191,TRUE,TRUE
711,712,1008,30-11-2018,7:50:00 PM,AMS,30-11-2018,10:50:00 PM,GRQ,Air France,509,TRUE,TRUE
712,713,4495,29-11-2018,12:20:00 PM,EIN,29-11-2018,1:20:00 PM,GRQ,Air France,692,FALSE,FALSE
713,714,4567,28-11-2018,6:30:00 AM,GRQ,28-11-2018,9:40:00 AM,MST,Air France,339,TRUE,FALSE
714,715,4320,28-11-2018,3:00:00 PM,GRQ,28-11-2018,6:30:00 PM,ENS,Air France,838,FALSE,TRUE
715,716,7979,30-11-2018,6:10:00 AM,MST,30-11-2018,8:00:00 AM,GRQ,Air France,817,TRUE,TRUE
716,717,2160,26-11-2018,8:10:00 AM,LEY,26-11-2018,11:00:00 AM,EIN,Air France,750,TRUE,FALSE
717,718,8727,29-11-2018,10:50:00 AM,GRQ,29-11-2018,11:30:00 AM,LEY,Air France,489,FALSE,FALSE
718,719,5437,25-11-2018,10:30:00 AM,MST,25-11-2018,12:00:00 PM,LEY,Air France,290,FALSE,FALSE
719,720,1027,25-11-2018,2:00:00 AM,GRQ,25-11-2018,5:40:00 AM,MST,Air France,143,TRUE,FALSE
720,721,3914,26-11-2018,6:40:00 AM,MST,26-11-2018,8:50:00 AM,GRQ,Air France,59,FALSE,FALSE
721,722,2632,28-11-2018,4:00:00 AM,AMS,28-11-2018,7:30:00 AM,ENS,Air France,215,TRUE,FALSE
722,723,7623,25-11-2018,2:00:00 PM,LEY,25-11-2018,4:10:00 PM,LEY,Air France,996,FALSE,TRUE
723,724,9727,27-11-2018,4:20:00 PM,AMS,27-11-2018,5:00:00 PM,GRQ,Air France,177,FALSE,TRUE
724,725,3721,30-11-2018,5:30:00 AM,GRQ,30-11-2018,6:10:00 AM,AMS,Air France,197,TRUE,TRUE
725,726,8707,30-11-2018,5:50:00 PM,EIN,30-11-2018,8:30:00 PM,AMS,Air France,831,FALSE,FALSE
726,727,6325,28-11-2018,4:30:00 PM,MST,28-11-2018,5:30:00 PM,EIN,Air France,41,TRUE,FALSE
727,728,9279,24-11-2018,3:40:00 AM,AMS,24-11-2018,4:00:00 AM,RTM,Air France,583,FALSE,TRUE
728,729,7327,30-11-2018,6:50:00 AM,MST,30-11-2018,9:10:00 AM,EIN,Air France,521,TRUE,TRUE
729,730,4456,30-11-2018,1:50:00 PM,ENS,30-11-2018,4:40:00 PM,MST,Air France,532,FALSE,TRUE
730,731,5073,29-11-2018,7:50:00 AM,MST,29-11-2018,9:50:00 AM,ENS,Air France,417,TRUE,TRUE
731,732,4600,27-11-2018,3:00:00 PM,LEY,27-11-2018,5:00:00 PM,EIN,Air France,182,TRUE,TRUE
732,733,1555,28-11-2018,5:10:00 AM,EIN,28-11-2018,7:50:00 AM,RTM,Air France,990,FALSE,FALSE
733,734,6764,26-11-2018,6:10:00 AM,LEY,26-11-2018,9:30:00 AM,RTM,Air France,410,TRUE,FALSE
734,735,2527,23-11-2018,4:50:00 PM,LEY,23-11-2018,6:40:00 PM,ENS,Air France,938,TRUE,FALSE
735,736,9106,26-11-2018,8:00:00 AM,GRQ,26-11-2018,10:40:00 AM,EIN,Air France,735,TRUE,FALSE
736,737,5053,23-11-2018,2:20:00 AM,AMS,23-11-2018,4:00:00 AM,ENS,Air France,177,TRUE,FALSE
737,738,6648,27-11-2018,2:00:00 PM,RTM,27-11-2018,4:20:00 PM,RTM,Air France,472,TRUE,TRUE
738,739,7313,29-11-2018,4:40:00 PM,AMS,29-11-2018,6:50:00 PM,LEY,Air France,924,FALSE,TRUE
739,740,7629,23-11-2018,4:20:00 PM,MST,23-11-2018,7:00:00 PM,MST,Air France,268,TRUE,TRUE
740,741,3294,24-11-2018,5:30:00 AM,MST,24-11-2018,8:30:00 AM,MST,Air France,623,TRUE,FALSE
741,742,1708,25-11-2018,1:50:00 PM,MST,25-11-2018,3:30:00 PM,AMS,Air France,677,TRUE,TRUE
742,743,6768,30-11-2018,2:20:00 AM,LEY,30-11-2018,5:20:00 AM,LEY,Air France,181,FALSE,FALSE
743,744,1461,27-11-2018,4:10:00 PM,LEY,27-11-2018,7:50:00 PM,MST,Air France,564,TRUE,FALSE
744,745,9791,24-11-2018,6:40:00 AM,RTM,24-11-2018,9:20:00 AM,AMS,Air France,579,FALSE,TRUE
745,746,6173,27-11-2018,11:30:00 AM,GRQ,27-11-2018,2:30:00 PM,RTM,Air France,669,FALSE,FALSE
746,747,3576,25-11-2018,6:50:00 AM,EIN,25-11-2018,8:10:00 AM,EIN,Air France,710,FALSE,TRUE
747,748,3922,30-11-2018,2:20:00 PM,EIN,30-11-2018,3:30:00 PM,MST,Air France,862,FALSE,TRUE
748,749,3581,24-11-2018,4:10:00 AM,MST,24-11-2018,7:50:00 AM,LEY,Air France,150,FALSE,FALSE
749,750,1943,26-11-2018,6:40:00 AM,LEY,26-11-2018,8:30:00 AM,MST,Air France,864,TRUE,TRUE
750,751,2321,26-11-2018,2:30:00 PM,GRQ,26-11-2018,4:20:00 PM,RTM,Air France,467,TRUE,FALSE
751,752,7284,27-11-2018,3:00:00 AM,GRQ,27-11-2018,6:40:00 AM,EIN,Air France,51,FALSE,TRUE
752,753,6093,30-11-2018,5:20:00 PM,LEY,30-11-2018,7:30:00 PM,RTM,Air France,904,FALSE,TRUE
753,754,5258,27-11-2018,4:00:00 AM,GRQ,27-11-2018,7:00:00 AM,RTM,Air France,561,FALSE,TRUE
754,755,6950,27-11-2018,7:40:00 AM,GRQ,27-11-2018,9:30:00 AM,MST,Air France,732,TRUE,TRUE
755,756,6225,29-11-2018,12:00:00 PM,AMS,29-11-2018,2:30:00 PM,MST,Air France,292,FALSE,TRUE
756,757,8434,23-11-2018,1:50:00 AM,MST,23-11-2018,3:10:00 AM,GRQ,Air France,701,FALSE,TRUE
757,758,9585,23-11-2018,3:30:00 PM,MST,23-11-2018,6:20:00 PM,LEY,Air France,412,TRUE,TRUE
758,759,1711,24-11-2018,5:50:00 PM,EIN,24-11-2018,8:40:00 PM,GRQ,Air France,265,FALSE,FALSE
759,760,8811,24-11-2018,7:50:00 AM,EIN,24-11-2018,10:10:00 AM,MST,Air France,525,FALSE,FALSE
760,761,5399,24-11-2018,5:10:00 PM,EIN,24-11-2018,7:40:00 PM,MST,Air France,522,FALSE,FALSE
761,762,2627,30-11-2018,7:30:00 PM,LEY,30-11-2018,8:40:00 PM,ENS,Air France,649,TRUE,FALSE
762,763,6697,26-11-2018,10:00:00 AM,ENS,26-11-2018,12:40:00 PM,MST,Air France,628,FALSE,FALSE
763,764,2877,24-11-2018,3:20:00 PM,RTM,24-11-2018,6:30:00 PM,GRQ,Air France,385,FALSE,FALSE
764,765,2383,27-11-2018,11:00:00 AM,RTM,27-11-2018,2:10:00 PM,RTM,Air France,227,FALSE,FALSE
765,766,6543,30-11-2018,7:30:00 PM,EIN,30-11-2018,10:40:00 PM,ENS,Air France,411,FALSE,TRUE
766,767,5347,27-11-2018,1:20:00 AM,LEY,27-11-2018,4:40:00 AM,MST,Air France,973,TRUE,FALSE
767,768,9027,28-11-2018,2:20:00 PM,RTM,28-11-2018,5:30:00 PM,ENS,Air France,875,FALSE,TRUE
768,769,1494,25-11-2018,9:40:00 AM,EIN,25-11-2018,10:00:00 AM,ENS,Air France,203,FALSE,TRUE
769,770,8265,28-11-2018,3:30:00 PM,ENS,28-11-2018,5:40:00 PM,AMS,Air France,752,TRUE,TRUE
770,771,6600,23-11-2018,7:00:00 PM,EIN,23-11-2018,10:50:00 PM,RTM,Air France,928,TRUE,FALSE
771,772,5640,27-11-2018,4:10:00 PM,MST,27-11-2018,7:10:00 PM,EIN,Air France,235,TRUE,FALSE
772,773,8120,27-11-2018,5:40:00 PM,LEY,27-11-2018,6:40:00 PM,LEY,Air France,757,TRUE,TRUE
773,774,3092,26-11-2018,11:50:00 AM,AMS,26-11-2018,1:20:00 PM,GRQ,Air France,824,FALSE,TRUE
774,775,9898,25-11-2018,2:20:00 AM,LEY,25-11-2018,5:50:00 AM,MST,Air France,714,FALSE,TRUE
775,776,5904,28-11-2018,2:00:00 AM,EIN,28-11-2018,4:40:00 AM,EIN,Air France,354,FALSE,FALSE
776,777,6541,26-11-2018,5:00:00 PM,LEY,26-11-2018,6:50:00 PM,AMS,Air France,818,TRUE,FALSE
777,778,2709,26-11-2018,1:20:00 AM,RTM,26-11-2018,4:10:00 AM,AMS,Air France,670,FALSE,TRUE
778,779,8866,23-11-2018,2:30:00 AM,GRQ,23-11-2018,5:30:00 AM,EIN,Air France,701,FALSE,TRUE
779,780,6070,23-11-2018,6:30:00 AM,AMS,23-11-2018,7:20:00 AM,LEY,Air France,646,FALSE,TRUE
780,781,4423,23-11-2018,6:10:00 PM,AMS,23-11-2018,8:50:00 PM,RTM,Air France,447,TRUE,TRUE
781,782,2862,26-11-2018,5:40:00 AM,EIN,26-11-2018,6:40:00 AM,EIN,Air France,888,FALSE,TRUE
782,783,4140,25-11-2018,6:50:00 AM,MST,25-11-2018,7:00:00 AM,RTM,Air France,278,FALSE,TRUE
783,784,3348,27-11-2018,12:10:00 PM,LEY,27-11-2018,3:10:00 PM,EIN,Air France,309,FALSE,FALSE
784,785,8498,23-11-2018,4:30:00 PM,RTM,23-11-2018,7:40:00 PM,MST,Air France,64,TRUE,TRUE
785,786,1094,28-11-2018,5:50:00 AM,MST,28-11-2018,7:30:00 AM,GRQ,Air France,143,TRUE,FALSE
786,787,6877,25-11-2018,6:20:00 AM,GRQ,25-11-2018,9:00:00 AM,RTM,Air France,157,FALSE,TRUE
787,788,8347,24-11-2018,6:00:00 PM,MST,24-11-2018,8:50:00 PM,EIN,Air France,222,TRUE,TRUE
788,789,4882,30-11-2018,9:30:00 AM,EIN,30-11-2018,10:30:00 AM,EIN,Air France,654,FALSE,TRUE
789,790,7747,28-11-2018,7:50:00 PM,RTM,28-11-2018,8:40:00 PM,GRQ,Air France,232,FALSE,FALSE
790,791,9633,25-11-2018,10:40:00 AM,EIN,25-11-2018,1:40:00 PM,ENS,Air France,835,FALSE,TRUE
791,792,3276,26-11-2018,1:30:00 AM,LEY,26-11-2018,4:50:00 AM,LEY,Air France,607,FALSE,TRUE
792,793,7406,24-11-2018,6:50:00 AM,MST,24-11-2018,8:40:00 AM,LEY,Air France,198,TRUE,FALSE
793,794,7252,23-11-2018,6:20:00 PM,AMS,23-11-2018,9:00:00 PM,LEY,Air France,277,FALSE,TRUE
794,795,3982,23-11-2018,2:20:00 PM,LEY,23-11-2018,5:20:00 PM,GRQ,Air France,546,TRUE,FALSE
795,796,5042,30-11-2018,3:20:00 AM,AMS,30-11-2018,6:50:00 AM,GRQ,Air France,709,TRUE,FALSE
796,797,8888,30-11-2018,12:20:00 PM,AMS,30-11-2018,1:50:00 PM,GRQ,Air France,819,FALSE,FALSE
797,798,2821,28-11-2018,11:20:00 AM,GRQ,28-11-2018,12:00:00 PM,ENS,Air France,70,FALSE,FALSE
798,799,3028,26-11-2018,9:30:00 AM,AMS,26-11-2018,11:40:00 AM,ENS,Air France,307,FALSE,TRUE
799,800,5211,27-11-2018,7:50:00 PM,GRQ,27-11-2018,10:10:00 PM,GRQ,Air France,880,FALSE,TRUE
800,801,7428,27-11-2018,12:10:00 PM,GRQ,27-11-2018,2:10:00 PM,GRQ,Air France,385,TRUE,TRUE
801,802,6910,23-11-2018,4:50:00 AM,AMS,23-11-2018,6:10:00 AM,ENS,Air France,640,TRUE,TRUE
802,803,2428,28-11-2018,7:10:00 AM,MST,28-11-2018,9:30:00 AM,LEY,Air France,760,TRUE,FALSE
803,804,9017,23-11-2018,6:50:00 AM,RTM,23-11-2018,8:30:00 AM,RTM,Air France,536,FALSE,TRUE
804,805,9051,27-11-2018,10:50:00 AM,EIN,27-11-2018,12:10:00 PM,AMS,Air France,596,FALSE,FALSE
805,806,6516,27-11-2018,7:30:00 PM,GRQ,27-11-2018,8:10:00 PM,ENS,Air France,185,FALSE,TRUE
806,807,2528,24-11-2018,6:00:00 AM,EIN,24-11-2018,9:50:00 AM,AMS,Air France,949,TRUE,TRUE
807,808,6624,26-11-2018,5:10:00 AM,MST,26-11-2018,8:20:00 AM,RTM,Air France,349,FALSE,TRUE
808,809,9877,25-11-2018,6:30:00 AM,EIN,25-11-2018,8:40:00 AM,GRQ,Air France,574,TRUE,TRUE
809,810,3205,23-11-2018,7:40:00 PM,GRQ,23-11-2018,9:30:00 PM,EIN,Air France,297,FALSE,TRUE
810,811,9038,24-11-2018,6:10:00 PM,EIN,24-11-2018,9:50:00 PM,ENS,Air France,620,FALSE,TRUE
811,812,9990,23-11-2018,6:00:00 AM,LEY,23-11-2018,9:50:00 AM,AMS,Air France,585,TRUE,FALSE
812,813,3030,26-11-2018,6:20:00 AM,LEY,26-11-2018,8:00:00 AM,LEY,Air France,608,TRUE,TRUE
813,814,8123,24-11-2018,3:10:00 AM,MST,24-11-2018,5:10:00 AM,ENS,Air France,833,FALSE,TRUE
814,815,3316,28-11-2018,12:50:00 PM,AMS,28-11-2018,1:50:00 PM,ENS,Air France,57,TRUE,TRUE
815,816,4993,23-11-2018,2:10:00 AM,LEY,23-11-2018,4:10:00 AM,MST,Air France,149,TRUE,FALSE
816,817,2342,29-11-2018,5:10:00 PM,EIN,29-11-2018,8:10:00 PM,RTM,Air France,53,FALSE,FALSE
817,818,8927,23-11-2018,2:00:00 PM,EIN,23-11-2018,5:50:00 PM,AMS,Air France,878,FALSE,FALSE
818,819,5389,25-11-2018,4:00:00 AM,RTM,25-11-2018,6:00:00 AM,GRQ,Air France,604,TRUE,FALSE
819,820,7867,24-11-2018,5:50:00 AM,ENS,24-11-2018,7:10:00 AM,ENS,Air France,398,FALSE,FALSE
820,821,4487,23-11-2018,12:30:00 PM,MST,23-11-2018,2:50:00 PM,LEY,Air France,619,FALSE,TRUE
821,822,8366,25-11-2018,7:10:00 PM,RTM,25-11-2018,10:00:00 PM,RTM,Air France,215,FALSE,TRUE
822,823,6970,23-11-2018,5:20:00 AM,LEY,23-11-2018,6:50:00 AM,AMS,Air France,423,FALSE,FALSE
823,824,6261,24-11-2018,2:10:00 PM,EIN,24-11-2018,3:40:00 PM,ENS,Air France,644,TRUE,FALSE
824,825,6591,24-11-2018,3:10:00 AM,MST,24-11-2018,6:30:00 AM,ENS,Air France,353,FALSE,FALSE
825,826,4370,26-11-2018,10:30:00 AM,RTM,26-11-2018,1:50:00 PM,GRQ,Air France,201,TRUE,FALSE
826,827,5562,29-11-2018,9:00:00 AM,GRQ,29-11-2018,10:10:00 AM,ENS,Air France,95,TRUE,FALSE
827,828,3038,26-11-2018,5:10:00 AM,EIN,26-11-2018,8:30:00 AM,RTM,Air France,344,FALSE,TRUE
828,829,5478,30-11-2018,9:50:00 AM,EIN,30-11-2018,10:10:00 AM,RTM,Air France,913,TRUE,FALSE
829,830,7427,28-11-2018,3:30:00 PM,AMS,28-11-2018,4:20:00 PM,RTM,Air France,925,FALSE,TRUE
830,831,2214,27-11-2018,3:30:00 AM,MST,27-11-2018,6:30:00 AM,MST,Air France,300,TRUE,TRUE
831,832,2670,24-11-2018,7:40:00 PM,AMS,24-11-2018,9:30:00 PM,EIN,Air France,493,FALSE,FALSE
832,833,2967,30-11-2018,2:20:00 PM,MST,30-11-2018,5:00:00 PM,MST,Air France,936,TRUE,TRUE
833,834,3108,25-11-2018,2:50:00 PM,ENS,25-11-2018,3:10:00 PM,RTM,Air France,316,TRUE,FALSE
834,835,3701,23-11-2018,4:50:00 AM,ENS,23-11-2018,5:40:00 AM,AMS,Air France,569,TRUE,TRUE
835,836,7788,23-11-2018,6:10:00 AM,LEY,23-11-2018,8:00:00 AM,RTM,Air France,78,TRUE,TRUE
836,837,2464,25-11-2018,2:30:00 PM,GRQ,25-11-2018,4:40:00 PM,GRQ,Air France,455,TRUE,FALSE
837,838,7176,27-11-2018,11:30:00 AM,GRQ,27-11-2018,1:00:00 PM,EIN,Air France,930,TRUE,TRUE
838,839,7406,27-11-2018,1:50:00 PM,GRQ,27-11-2018,3:20:00 PM,RTM,Air France,442,TRUE,TRUE
839,840,3447,27-11-2018,7:40:00 PM,GRQ,27-11-2018,10:00:00 PM,AMS,Air France,594,TRUE,TRUE
840,841,6488,27-11-2018,4:20:00 PM,EIN,27-11-2018,5:20:00 PM,MST,Air France,324,TRUE,FALSE
841,842,2284,29-11-2018,6:40:00 PM,ENS,29-11-2018,7:00:00 PM,RTM,Air France,800,FALSE,FALSE
842,843,3169,24-11-2018,10:00:00 AM,RTM,24-11-2018,12:40:00 PM,ENS,Air France,355,FALSE,FALSE
843,844,5520,27-11-2018,2:00:00 AM,LEY,27-11-2018,5:50:00 AM,MST,Air France,278,FALSE,FALSE
844,845,2419,23-11-2018,3:20:00 AM,ENS,23-11-2018,6:10:00 AM,MST,Air France,90,TRUE,FALSE
845,846,9728,26-11-2018,2:30:00 AM,LEY,26-11-2018,3:50:00 AM,LEY,Air France,342,FALSE,TRUE
846,847,4048,25-11-2018,6:20:00 AM,MST,25-11-2018,8:20:00 AM,MST,Air France,338,TRUE,TRUE
847,848,4581,25-11-2018,2:40:00 AM,AMS,25-11-2018,4:40:00 AM,LEY,Air France,264,TRUE,FALSE
848,849,5191,24-11-2018,5:30:00 PM,ENS,24-11-2018,6:50:00 PM,AMS,Air France,224,TRUE,FALSE
849,850,8102,30-11-2018,2:00:00 PM,EIN,30-11-2018,4:10:00 PM,LEY,Air France,747,FALSE,FALSE
850,851,9728,27-11-2018,7:20:00 PM,MST,27-11-2018,10:10:00 PM,LEY,Air France,556,TRUE,TRUE
851,852,9319,30-11-2018,6:50:00 PM,AMS,30-11-2018,9:00:00 PM,ENS,Air France,938,TRUE,FALSE
852,853,1162,30-11-2018,7:00:00 PM,GRQ,30-11-2018,9:10:00 PM,AMS,Air France,397,TRUE,FALSE
853,854,4525,29-11-2018,6:40:00 PM,MST,29-11-2018,9:30:00 PM,RTM,Air France,777,FALSE,FALSE
854,855,9293,25-11-2018,8:40:00 AM,MST,25-11-2018,11:40:00 AM,RTM,Air France,981,TRUE,TRUE
855,856,7271,30-11-2018,12:40:00 PM,EIN,30-11-2018,3:10:00 PM,GRQ,Air France,806,TRUE,FALSE
856,857,3129,27-11-2018,1:20:00 PM,RTM,27-11-2018,3:00:00 PM,ENS,Air France,645,TRUE,FALSE
857,858,5913,26-11-2018,1:50:00 AM,RTM,26-11-2018,4:20:00 AM,ENS,Air France,684,FALSE,FALSE
858,859,5717,28-11-2018,3:30:00 PM,GRQ,28-11-2018,4:20:00 PM,MST,Air France,360,TRUE,FALSE
859,860,9033,28-11-2018,4:00:00 AM,EIN,28-11-2018,5:20:00 AM,LEY,Air France,888,FALSE,FALSE
860,861,8298,23-11-2018,4:30:00 AM,RTM,23-11-2018,7:50:00 AM,ENS,Air France,420,TRUE,TRUE
861,862,2780,29-11-2018,10:00:00 AM,ENS,29-11-2018,12:40:00 PM,LEY,Air France,267,FALSE,TRUE
862,863,6211,23-11-2018,2:10:00 PM,GRQ,23-11-2018,3:50:00 PM,ENS,Air France,254,TRUE,FALSE
863,864,8397,30-11-2018,12:10:00 PM,LEY,30-11-2018,3:40:00 PM,AMS,Air France,752,TRUE,TRUE
864,865,9091,29-11-2018,9:00:00 AM,MST,29-11-2018,11:00:00 AM,EIN,Air France,652,FALSE,FALSE
865,866,6731,24-11-2018,2:00:00 AM,EIN,24-11-2018,3:10:00 AM,MST,Air France,962,FALSE,FALSE
866,867,7114,30-11-2018,4:20:00 AM,RTM,30-11-2018,6:00:00 AM,ENS,Air France,571,FALSE,TRUE
867,868,6691,28-11-2018,4:20:00 PM,LEY,28-11-2018,6:40:00 PM,MST,Air France,122,FALSE,FALSE
868,869,7263,29-11-2018,9:40:00 AM,RTM,29-11-2018,11:10:00 AM,RTM,Air France,909,FALSE,FALSE
869,870,1146,28-11-2018,5:30:00 AM,EIN,28-11-2018,8:10:00 AM,LEY,Air France,483,TRUE,FALSE
870,871,8817,27-11-2018,9:30:00 AM,MST,27-11-2018,12:40:00 PM,GRQ,Air France,945,TRUE,FALSE
871,872,5728,27-11-2018,4:10:00 PM,GRQ,27-11-2018,5:10:00 PM,ENS,Air France,493,TRUE,TRUE
872,873,3905,25-11-2018,4:10:00 PM,MST,25-11-2018,6:10:00 PM,MST,Air France,120,TRUE,FALSE
873,874,1128,28-11-2018,1:40:00 PM,ENS,28-11-2018,3:00:00 PM,ENS,Air France,706,TRUE,TRUE
874,875,3136,23-11-2018,1:00:00 PM,ENS,23-11-2018,2:00:00 PM,ENS,Air France,60,TRUE,TRUE
875,876,3054,30-11-2018,11:10:00 AM,MST,30-11-2018,1:30:00 PM,RTM,Air France,826,TRUE,FALSE
876,877,5192,25-11-2018,1:50:00 AM,ENS,25-11-2018,3:00:00 AM,AMS,Air France,827,FALSE,FALSE
877,878,7768,29-11-2018,7:40:00 PM,EIN,29-11-2018,8:10:00 PM,MST,Air France,633,FALSE,TRUE
878,879,4391,27-11-2018,6:30:00 AM,RTM,27-11-2018,8:50:00 AM,LEY,Air France,199,TRUE,TRUE
879,880,8274,23-11-2018,2:50:00 PM,LEY,23-11-2018,4:30:00 PM,AMS,Austrian,952,TRUE,FALSE
880,881,9292,24-11-2018,3:00:00 AM,LEY,24-11-2018,4:20:00 AM,RTM,Austrian,266,FALSE,FALSE
881,882,4252,28-11-2018,12:50:00 PM,MST,28-11-2018,1:10:00 PM,ENS,Austrian,836,FALSE,FALSE
882,883,3669,23-11-2018,2:20:00 AM,MST,23-11-2018,5:30:00 AM,ENS,Austrian,307,FALSE,TRUE
883,884,3608,29-11-2018,6:10:00 PM,RTM,29-11-2018,7:00:00 PM,RTM,Austrian,417,TRUE,TRUE
884,885,5746,25-11-2018,3:30:00 PM,AMS,25-11-2018,6:20:00 PM,ENS,Austrian,721,TRUE,TRUE
885,886,4951,23-11-2018,4:00:00 AM,LEY,23-11-2018,6:00:00 AM,LEY,Austrian,653,TRUE,FALSE
886,887,5466,29-11-2018,2:10:00 AM,LEY,29-11-2018,4:50:00 AM,MST,Austrian,181,TRUE,TRUE
887,888,7169,27-11-2018,1:00:00 AM,RTM,27-11-2018,4:40:00 AM,LEY,Austrian,346,TRUE,TRUE
888,889,8286,23-11-2018,4:20:00 AM,ENS,23-11-2018,6:00:00 AM,RTM,Austrian,616,TRUE,TRUE
889,890,7844,23-11-2018,4:20:00 PM,ENS,23-11-2018,6:40:00 PM,AMS,Austrian,67,TRUE,TRUE
890,891,6664,27-11-2018,4:10:00 PM,MST,27-11-2018,6:10:00 PM,MST,Austrian,838,FALSE,FALSE
891,892,2803,26-11-2018,4:20:00 PM,ENS,26-11-2018,7:20:00 PM,MST,Austrian,623,FALSE,FALSE
892,893,4529,28-11-2018,5:20:00 PM,LEY,28-11-2018,8:50:00 PM,EIN,Austrian,802,TRUE,FALSE
893,894,5013,30-11-2018,2:40:00 PM,RTM,30-11-2018,3:00:00 PM,AMS,Austrian,915,TRUE,TRUE
894,895,4966,24-11-2018,6:20:00 AM,GRQ,24-11-2018,7:10:00 AM,ENS,Austrian,376,TRUE,FALSE
895,896,4518,26-11-2018,3:30:00 AM,GRQ,26-11-2018,4:10:00 AM,AMS,Austrian,348,TRUE,FALSE
896,897,2204,25-11-2018,12:00:00 PM,EIN,25-11-2018,3:20:00 PM,MST,Austrian,200,TRUE,FALSE
897,898,2843,27-11-2018,3:40:00 AM,GRQ,27-11-2018,5:40:00 AM,GRQ,Austrian,246,FALSE,TRUE
898,899,6634,26-11-2018,11:50:00 AM,LEY,26-11-2018,12:10:00 PM,LEY,Austrian,207,FALSE,TRUE
899,900,7343,26-11-2018,6:40:00 AM,MST,26-11-2018,7:50:00 AM,RTM,Austrian,195,TRUE,FALSE
900,901,7512,30-11-2018,10:30:00 AM,MST,30-11-2018,1:20:00 PM,AMS,Austrian,226,FALSE,TRUE
901,902,7829,23-11-2018,6:10:00 PM,AMS,23-11-2018,9:40:00 PM,ENS,Austrian,828,TRUE,FALSE
902,903,3069,29-11-2018,2:20:00 PM,GRQ,29-11-2018,3:20:00 PM,GRQ,Austrian,420,FALSE,TRUE
903,904,3006,30-11-2018,5:20:00 PM,GRQ,30-11-2018,7:20:00 PM,RTM,Austrian,383,FALSE,TRUE
904,905,8150,26-11-2018,9:10:00 AM,LEY,26-11-2018,10:50:00 AM,AMS,Austrian,311,TRUE,TRUE
905,906,6223,26-11-2018,8:50:00 AM,GRQ,26-11-2018,11:40:00 AM,GRQ,Austrian,948,TRUE,FALSE
906,907,8882,30-11-2018,11:30:00 AM,RTM,30-11-2018,12:30:00 PM,GRQ,Austrian,871,TRUE,TRUE
907,908,9193,24-11-2018,8:00:00 AM,AMS,24-11-2018,9:20:00 AM,LEY,Austrian,199,FALSE,FALSE
908,909,4791,23-11-2018,7:30:00 PM,MST,23-11-2018,10:40:00 PM,MST,Austrian,374,TRUE,TRUE
909,910,9206,23-11-2018,5:10:00 AM,EIN,23-11-2018,7:30:00 AM,RTM,Austrian,206,TRUE,TRUE
910,911,2888,26-11-2018,4:20:00 AM,AMS,26-11-2018,7:20:00 AM,EIN,Austrian,646,FALSE,FALSE
911,912,1969,27-11-2018,1:40:00 PM,RTM,27-11-2018,2:40:00 PM,RTM,Austrian,237,TRUE,TRUE
912,913,4229,27-11-2018,9:30:00 AM,AMS,27-11-2018,10:00:00 AM,GRQ,Austrian,508,FALSE,TRUE
913,914,7045,25-11-2018,10:20:00 AM,RTM,25-11-2018,1:20:00 PM,EIN,Austrian,160,TRUE,FALSE
914,915,1716,23-11-2018,3:40:00 AM,AMS,23-11-2018,4:10:00 AM,EIN,Austrian,145,FALSE,FALSE
915,916,6770,23-11-2018,12:50:00 PM,MST,23-11-2018,2:00:00 PM,GRQ,Austrian,47,TRUE,TRUE
916,917,6189,28-11-2018,12:10:00 PM,MST,28-11-2018,3:40:00 PM,AMS,Austrian,507,TRUE,FALSE
917,918,2184,24-11-2018,11:00:00 AM,MST,24-11-2018,1:30:00 PM,RTM,Austrian,670,TRUE,FALSE
918,919,6921,27-11-2018,7:10:00 PM,AMS,27-11-2018,8:00:00 PM,GRQ,Austrian,236,TRUE,FALSE
919,920,4994,23-11-2018,3:20:00 PM,AMS,23-11-2018,4:50:00 PM,LEY,Austrian,976,FALSE,FALSE
920,921,3308,29-11-2018,5:00:00 AM,MST,29-11-2018,8:50:00 AM,EIN,Austrian,592,TRUE,FALSE
921,922,8835,26-11-2018,8:20:00 AM,GRQ,26-11-2018,9:40:00 AM,AMS,Austrian,682,FALSE,TRUE
922,923,8152,26-11-2018,1:30:00 AM,AMS,26-11-2018,4:10:00 AM,EIN,Austrian,954,TRUE,FALSE
923,924,8912,27-11-2018,1:10:00 AM,RTM,27-11-2018,4:00:00 AM,RTM,Austrian,501,FALSE,FALSE
924,925,7444,24-11-2018,3:40:00 AM,RTM,24-11-2018,5:00:00 AM,GRQ,Austrian,240,FALSE,FALSE
925,926,4436,29-11-2018,9:50:00 AM,GRQ,29-11-2018,10:00:00 AM,MST,Austrian,94,TRUE,FALSE
926,927,6345,28-11-2018,7:30:00 PM,GRQ,28-11-2018,9:10:00 PM,EIN,Austrian,987,TRUE,FALSE
927,928,5367,26-11-2018,4:20:00 PM,RTM,26-11-2018,6:20:00 PM,AMS,Austrian,966,TRUE,TRUE
928,929,7372,25-11-2018,5:50:00 AM,RTM,25-11-2018,6:10:00 AM,ENS,Austrian,488,TRUE,FALSE
929,930,7328,24-11-2018,2:30:00 AM,LEY,24-11-2018,5:30:00 AM,ENS,Austrian,645,FALSE,FALSE
930,931,7929,30-11-2018,2:40:00 AM,LEY,30-11-2018,3:10:00 AM,MST,Austrian,979,FALSE,TRUE
931,932,3759,25-11-2018,1:20:00 AM,RTM,25-11-2018,3:00:00 AM,LEY,Austrian,507,FALSE,TRUE
932,933,5582,26-11-2018,5:40:00 AM,GRQ,26-11-2018,8:00:00 AM,LEY,Austrian,658,TRUE,TRUE
933,934,3129,24-11-2018,10:50:00 AM,MST,24-11-2018,1:20:00 PM,LEY,Austrian,657,FALSE,FALSE
934,935,7477,28-11-2018,5:20:00 PM,GRQ,28-11-2018,8:10:00 PM,LEY,Austrian,538,TRUE,FALSE
935,936,4885,25-11-2018,11:20:00 AM,GRQ,25-11-2018,12:10:00 PM,ENS,Austrian,582,FALSE,FALSE
936,937,3565,24-11-2018,3:20:00 PM,EIN,24-11-2018,6:00:00 PM,MST,Austrian,950,FALSE,FALSE
937,938,1075,26-11-2018,7:30:00 AM,MST,26-11-2018,10:10:00 AM,EIN,Austrian,207,FALSE,TRUE
938,939,8464,23-11-2018,7:50:00 AM,LEY,23-11-2018,9:10:00 AM,GRQ,Austrian,61,TRUE,FALSE
939,940,9710,29-11-2018,4:20:00 PM,EIN,29-11-2018,7:50:00 PM,GRQ,Austrian,945,TRUE,FALSE
940,941,6510,26-11-2018,2:20:00 PM,LEY,26-11-2018,3:20:00 PM,RTM,Austrian,977,TRUE,FALSE
941,942,8757,27-11-2018,6:00:00 AM,AMS,27-11-2018,8:50:00 AM,GRQ,Austrian,878,TRUE,FALSE
942,943,2745,30-11-2018,12:10:00 PM,MST,30-11-2018,1:00:00 PM,ENS,Austrian,515,FALSE,FALSE
943,944,2354,25-11-2018,7:50:00 PM,MST,25-11-2018,8:50:00 PM,MST,Austrian,622,TRUE,FALSE
944,945,5282,30-11-2018,3:50:00 PM,ENS,30-11-2018,6:50:00 PM,MST,Austrian,733,FALSE,FALSE
945,946,2409,24-11-2018,8:50:00 AM,GRQ,24-11-2018,10:30:00 AM,LEY,Austrian,853,TRUE,TRUE
946,947,4248,25-11-2018,4:10:00 AM,MST,25-11-2018,5:00:00 AM,MST,Austrian,94,TRUE,FALSE
947,948,9058,28-11-2018,7:20:00 PM,ENS,28-11-2018,10:30:00 PM,GRQ,Austrian,460,TRUE,TRUE
948,949,9788,28-11-2018,10:40:00 AM,AMS,28-11-2018,12:10:00 PM,GRQ,Austrian,360,FALSE,TRUE
949,950,5498,23-11-2018,12:40:00 PM,GRQ,23-11-2018,3:00:00 PM,AMS,Austrian,716,TRUE,FALSE
950,951,2027,23-11-2018,1:20:00 AM,RTM,23-11-2018,2:50:00 AM,ENS,Austrian,166,FALSE,TRUE
951,952,3319,26-11-2018,4:00:00 AM,MST,26-11-2018,5:50:00 AM,MST,Austrian,331,TRUE,TRUE
952,953,3195,24-11-2018,1:30:00 PM,RTM,24-11-2018,3:00:00 PM,MST,Austrian,400,TRUE,TRUE
953,954,6779,24-11-2018,7:20:00 AM,ENS,24-11-2018,8:40:00 AM,LEY,Austrian,318,TRUE,TRUE
954,955,1373,27-11-2018,2:20:00 PM,LEY,27-11-2018,4:50:00 PM,RTM,Austrian,985,TRUE,TRUE
955,956,4706,24-11-2018,5:50:00 PM,RTM,24-11-2018,6:10:00 PM,ENS,Austrian,459,TRUE,FALSE
956,957,3954,27-11-2018,5:00:00 PM,MST,27-11-2018,8:40:00 PM,MST,Austrian,731,FALSE,FALSE
957,958,7696,28-11-2018,9:20:00 AM,MST,28-11-2018,12:00:00 PM,GRQ,Austrian,886,TRUE,TRUE
958,959,5896,26-11-2018,2:50:00 PM,MST,26-11-2018,3:30:00 PM,LEY,Austrian,120,FALSE,TRUE
959,960,9842,24-11-2018,11:20:00 AM,EIN,24-11-2018,12:10:00 PM,MST,Austrian,455,TRUE,TRUE
960,961,5900,24-11-2018,1:50:00 AM,MST,24-11-2018,2:50:00 AM,LEY,Austrian,897,TRUE,TRUE
961,962,6629,27-11-2018,3:00:00 PM,RTM,27-11-2018,4:10:00 PM,RTM,Austrian,625,TRUE,FALSE
962,963,3520,24-11-2018,8:50:00 AM,ENS,24-11-2018,9:10:00 AM,LEY,Austrian,886,FALSE,FALSE
963,964,4485,30-11-2018,4:50:00 AM,RTM,30-11-2018,7:10:00 AM,RTM,Austrian,556,FALSE,TRUE
964,965,5504,26-11-2018,8:00:00 AM,EIN,26-11-2018,11:30:00 AM,GRQ,Austrian,473,FALSE,FALSE
965,966,8178,23-11-2018,3:00:00 PM,LEY,23-11-2018,6:10:00 PM,MST,Austrian,767,TRUE,FALSE
966,967,5306,26-11-2018,3:10:00 AM,AMS,26-11-2018,5:10:00 AM,GRQ,Austrian,468,FALSE,TRUE
967,968,1552,29-11-2018,6:50:00 PM,AMS,29-11-2018,7:00:00 PM,RTM,Austrian,992,FALSE,TRUE
968,969,3576,30-11-2018,6:30:00 PM,MST,30-11-2018,9:40:00 PM,LEY,Austrian,234,FALSE,FALSE
969,970,8613,23-11-2018,2:40:00 PM,AMS,23-11-2018,5:30:00 PM,MST,Austrian,677,FALSE,FALSE
970,971,1114,24-11-2018,6:00:00 PM,ENS,24-11-2018,9:40:00 PM,MST,Austrian,284,TRUE,TRUE
971,972,8069,25-11-2018,2:00:00 PM,ENS,25-11-2018,5:40:00 PM,EIN,Austrian,562,FALSE,FALSE
972,973,8613,28-11-2018,7:20:00 AM,AMS,28-11-2018,10:00:00 AM,EIN,Austrian,406,FALSE,FALSE
973,974,3330,27-11-2018,2:10:00 PM,RTM,27-11-2018,4:10:00 PM,ENS,Austrian,435,FALSE,FALSE
974,975,4260,27-11-2018,11:30:00 AM,EIN,27-11-2018,2:00:00 PM,GRQ,Austrian,922,FALSE,FALSE
975,976,8474,30-11-2018,9:40:00 AM,ENS,30-11-2018,12:40:00 PM,RTM,Austrian,94,FALSE,TRUE
976,977,1109,25-11-2018,5:00:00 PM,EIN,25-11-2018,7:20:00 PM,LEY,Austrian,706,FALSE,TRUE
977,978,1944,30-11-2018,6:10:00 PM,GRQ,30-11-2018,9:20:00 PM,EIN,Austrian,943,FALSE,TRUE
978,979,5028,29-11-2018,9:30:00 AM,ENS,29-11-2018,11:10:00 AM,MST,Austrian,80,FALSE,TRUE
979,980,2761,29-11-2018,7:10:00 AM,ENS,29-11-2018,8:00:00 AM,AMS,Austrian,360,FALSE,TRUE
980,981,6454,25-11-2018,7:00:00 AM,EIN,25-11-2018,10:00:00 AM,MST,Austrian,540,TRUE,FALSE
981,982,9835,24-11-2018,2:00:00 PM,EIN,24-11-2018,4:00:00 PM,EIN,Austrian,835,TRUE,TRUE
982,983,4175,29-11-2018,2:50:00 AM,MST,29-11-2018,3:00:00 AM,RTM,Austrian,285,FALSE,TRUE
983,984,2226,27-11-2018,3:50:00 AM,MST,27-11-2018,5:40:00 AM,ENS,Austrian,865,FALSE,TRUE
984,985,5584,24-11-2018,4:30:00 AM,RTM,24-11-2018,7:20:00 AM,RTM,Austrian,546,FALSE,TRUE
985,986,1831,29-11-2018,6:20:00 PM,ENS,29-11-2018,7:10:00 PM,GRQ,Austrian,534,FALSE,FALSE
986,987,2609,28-11-2018,10:10:00 AM,GRQ,28-11-2018,1:40:00 PM,GRQ,Austrian,920,TRUE,FALSE
987,988,1036,29-11-2018,1:10:00 PM,LEY,29-11-2018,2:00:00 PM,AMS,Austrian,217,FALSE,TRUE
988,989,4010,28-11-2018,1:40:00 PM,EIN,28-11-2018,2:10:00 PM,EIN,Austrian,966,FALSE,FALSE
989,990,1330,27-11-2018,11:50:00 AM,RTM,27-11-2018,12:50:00 PM,MST,Turkish,107,FALSE,TRUE
990,991,6013,30-11-2018,4:40:00 PM,MST,30-11-2018,7:40:00 PM,AMS,Turkish,455,FALSE,TRUE
991,992,9623,28-11-2018,6:40:00 AM,GRQ,28-11-2018,7:50:00 AM,EIN,Turkish,844,FALSE,FALSE
992,993,3367,26-11-2018,4:30:00 AM,GRQ,26-11-2018,6:50:00 AM,AMS,Turkish,170,TRUE,TRUE
993,994,7521,30-11-2018,9:00:00 AM,AMS,30-11-2018,10:00:00 AM,EIN,Turkish,584,FALSE,FALSE
994,995,2288,26-11-2018,9:50:00 AM,GRQ,26-11-2018,12:30:00 PM,RTM,Turkish,68,FALSE,TRUE
995,996,5352,25-11-2018,5:20:00 PM,GRQ,25-11-2018,7:40:00 PM,EIN,Turkish,357,FALSE,TRUE
996,997,4766,23-11-2018,4:50:00 AM,ENS,23-11-2018,5:40:00 AM,GRQ,Turkish,998,FALSE,FALSE
997,998,5737,25-11-2018,8:20:00 AM,MST,25-11-2018,10:30:00 AM,ENS,Turkish,341,TRUE,FALSE
998,999,8224,26-11-2018,2:50:00 AM,AMS,26-11-2018,3:30:00 AM,LEY,Turkish,967,TRUE,FALSE
999,1000,4311,25-11-2018,7:20:00 AM,ENS,25-11-2018,10:00:00 AM,AMS,Turkish,893,FALSE,TRUE
